/*
 Navicat Premium Data Transfer

 Source Server         : root
 Source Server Type    : MySQL
 Source Server Version : 50626
 Source Host           : localhost:3306
 Source Schema         : music

 Target Server Type    : MySQL
 Target Server Version : 50626
 File Encoding         : 65001

 Date: 24/01/2020 01:25:36
*/

SET NAMES utf8mb4;
SET FOREIGN_KEY_CHECKS = 0;

-- ----------------------------
-- Table structure for comments
-- ----------------------------
DROP TABLE IF EXISTS `comments`;
CREATE TABLE `comments`  (
  `comments_id` int(20) NOT NULL AUTO_INCREMENT COMMENT '评论编号',
  `comments_content` text CHARACTER SET utf8 COLLATE utf8_general_ci NOT NULL COMMENT '评论内容',
  `comments_time` date NOT NULL COMMENT '评论时间',
  `user_id` int(20) NOT NULL COMMENT '用户编号',
  `song_id` int(20) NOT NULL COMMENT '歌曲编号',
  `comments_rsrv1` varchar(200) CHARACTER SET utf8 COLLATE utf8_general_ci NULL DEFAULT NULL COMMENT '备用字段',
  `comments_rsrv2` varchar(200) CHARACTER SET utf8 COLLATE utf8_general_ci NULL DEFAULT NULL COMMENT '备用字段',
  PRIMARY KEY (`comments_id`) USING BTREE
) ENGINE = InnoDB AUTO_INCREMENT = 24 CHARACTER SET = utf8 COLLATE = utf8_general_ci ROW_FORMAT = Compact;

-- ----------------------------
-- Records of comments
-- ----------------------------
INSERT INTO `comments` VALUES (6, '111', '2018-10-17', 1, 1, NULL, NULL);
INSERT INTO `comments` VALUES (7, 'sdfdsafds', '2018-10-02', 1, 1, NULL, NULL);
INSERT INTO `comments` VALUES (22, '11', '2018-10-30', 1, 2, NULL, NULL);
INSERT INTO `comments` VALUES (23, '哥梵蒂冈', '2018-10-31', 17, 7, NULL, NULL);

-- ----------------------------
-- Table structure for mv
-- ----------------------------
DROP TABLE IF EXISTS `mv`;
CREATE TABLE `mv`  (
  `mv_id` int(20) NOT NULL AUTO_INCREMENT COMMENT 'mv编号',
  `mv_name` varchar(20) CHARACTER SET utf8 COLLATE utf8_general_ci NOT NULL COMMENT 'mv名称',
  `mv_priture` varchar(200) CHARACTER SET utf8 COLLATE utf8_general_ci NULL DEFAULT NULL COMMENT 'mv图片路径',
  `mv_mvfile` varchar(200) CHARACTER SET utf8 COLLATE utf8_general_ci NULL DEFAULT NULL COMMENT 'mv文件路径',
  `singer_id` int(20) NOT NULL COMMENT '歌手编号',
  `mv_rsrv1` varchar(200) CHARACTER SET utf8 COLLATE utf8_general_ci NULL DEFAULT NULL COMMENT '备用字段',
  `mv_rsrv2` varchar(200) CHARACTER SET utf8 COLLATE utf8_general_ci NULL DEFAULT NULL COMMENT '备用字段',
  PRIMARY KEY (`mv_id`) USING BTREE
) ENGINE = InnoDB AUTO_INCREMENT = 3 CHARACTER SET = utf8 COLLATE = utf8_general_ci ROW_FORMAT = Compact;

-- ----------------------------
-- Records of mv
-- ----------------------------
INSERT INTO `mv` VALUES (1, '年少有为', 'images/mv/T023R750x750M000000Xm22M14zofX.jpg', 'mv/lironghao-nainshaoyouwei(gaoqing).mp4', 3, NULL, NULL);
INSERT INTO `mv` VALUES (2, '在这个世界相遇', 'images/mv/T015R640x360M101004L60vl3irDiD.jpg', 'mv/chenyixun-zaizhegeshijiexiangyu (《dahaiyutang》dianyingzhutiqu).mp4', 1, NULL, NULL);

-- ----------------------------
-- Table structure for relevance
-- ----------------------------
DROP TABLE IF EXISTS `relevance`;
CREATE TABLE `relevance`  (
  `relevance_id` int(20) NOT NULL AUTO_INCREMENT COMMENT '歌曲歌单关联表编号',
  `song_id` int(20) NOT NULL COMMENT '用户编号',
  `songlist_id` int(20) NOT NULL COMMENT '用户编号',
  `relevance_rsrv1` varchar(200) CHARACTER SET utf8 COLLATE utf8_general_ci NULL DEFAULT NULL COMMENT '备用字段',
  `relevance_rsrv2` varchar(200) CHARACTER SET utf8 COLLATE utf8_general_ci NULL DEFAULT NULL COMMENT '备用字段',
  PRIMARY KEY (`relevance_id`) USING BTREE
) ENGINE = InnoDB AUTO_INCREMENT = 35 CHARACTER SET = utf8 COLLATE = utf8_general_ci ROW_FORMAT = Compact;

-- ----------------------------
-- Records of relevance
-- ----------------------------
INSERT INTO `relevance` VALUES (21, 1, 1, NULL, NULL);
INSERT INTO `relevance` VALUES (22, 4, 2, NULL, NULL);
INSERT INTO `relevance` VALUES (23, 1, 2, NULL, NULL);
INSERT INTO `relevance` VALUES (24, 1, 4, NULL, NULL);
INSERT INTO `relevance` VALUES (25, 1, 3, NULL, NULL);
INSERT INTO `relevance` VALUES (26, 2, 3, NULL, NULL);
INSERT INTO `relevance` VALUES (27, 8, 3, NULL, NULL);
INSERT INTO `relevance` VALUES (28, 7, 1, NULL, NULL);
INSERT INTO `relevance` VALUES (29, 9, 1, NULL, NULL);
INSERT INTO `relevance` VALUES (30, 8, 4, NULL, NULL);
INSERT INTO `relevance` VALUES (31, 1, 5, NULL, NULL);
INSERT INTO `relevance` VALUES (32, 3, 5, NULL, NULL);
INSERT INTO `relevance` VALUES (33, 7, 6, NULL, NULL);
INSERT INTO `relevance` VALUES (34, 5, 7, NULL, NULL);

-- ----------------------------
-- Table structure for singer
-- ----------------------------
DROP TABLE IF EXISTS `singer`;
CREATE TABLE `singer`  (
  `singer_id` int(20) NOT NULL AUTO_INCREMENT COMMENT '歌手编号',
  `singer_name` varchar(20) CHARACTER SET utf8 COLLATE utf8_general_ci NOT NULL COMMENT '歌手姓名',
  `singer_sketch` text CHARACTER SET utf8 COLLATE utf8_general_ci NULL COMMENT '歌手简介',
  `singer_picture` varchar(200) CHARACTER SET utf8 COLLATE utf8_general_ci NULL DEFAULT NULL COMMENT '歌手图片路径',
  `singer_address` varchar(50) CHARACTER SET utf8 COLLATE utf8_general_ci NULL DEFAULT NULL COMMENT '歌手地址',
  `singer_rsrv1` varchar(200) CHARACTER SET utf8 COLLATE utf8_general_ci NULL DEFAULT NULL COMMENT '备用字段',
  `singer_rsrv2` varchar(200) CHARACTER SET utf8 COLLATE utf8_general_ci NULL DEFAULT NULL COMMENT '备用字段',
  PRIMARY KEY (`singer_id`) USING BTREE
) ENGINE = InnoDB AUTO_INCREMENT = 6 CHARACTER SET = utf8 COLLATE = utf8_general_ci ROW_FORMAT = Compact;

-- ----------------------------
-- Records of singer
-- ----------------------------
INSERT INTO `singer` VALUES (1, '陈奕迅', '外文名：Eason Chan\r\n\r\n国籍：中国\r\n\r\n出生地：香港\r\n\r\n职业：歌手、演员\r\n\r\n代表作品：《爱情转移》、《十年》、《浮夸》、《k歌之王》\r\n\r\n简介：陈奕迅（Eason Chan），1974年7月27日出生于香港，中国香港男歌手、演员，毕业于英国金斯顿大学。\r\n\r\n1995年因获得第14届新秀歌唱大赛冠军而正式出道。1996年发行个人首张专辑《陈奕迅》。1997年主演个人首部电影《旺角大家姐》。1998年凭借歌曲《天下无双》在乐坛获得关注。2000年发行的歌曲《K歌之王》奠定其在歌坛的地位。2001年发行流行摇滚风格的专辑《反正是我》。2003年发行个人首张概念专辑《黑·白·灰》；专辑中的歌曲《十年》获得第4届百事音乐风云榜十大金曲奖。2005年发行的歌曲《浮夸》成为其歌唱生涯的代表作品之一。2006年起，连续9年获得叱咤乐坛流行榜颁奖典礼叱咤乐坛我最喜爱的男歌手奖。2008年1月，获得十大劲歌金曲最受欢迎男歌星奖”。2010年凭借剧情片《金钱帝国》获得星光大典港台年度电影男演员奖 。2012年发行舞曲风格的粤语专辑《…3mm》。2015年凭借专辑《米·闪》获得第26届台湾金曲奖最佳国语男歌手奖。2016年举行“Another Eason\'s LIFE世界巡回演唱会”。同年10月，发行单曲《I Do》。11月，演唱电影《摆渡人》爱情版主题曲《让我留在你身边》。\r\n\r\n2017年5月18日，陈奕迅发行国语EP《放&披风》，包含两首全新国语双单曲《放》和《披风》。同年，确认加盟原创专业音乐节目《中国新歌声第二季》。10月9日，发行国语专辑《C\'mon in~》。\r\n\r\n从艺历程：新秀比赛\r\n\r\n陈奕迅于1995年 暑假期间回香港参加TVB举办的第14届新秀歌唱大赛，在多个环节均获得高评分，成为该届冠军，随即跟华星唱片公司签下歌星合约，正式踏入香港乐坛。\r\n\r\n华星时期\r\n\r\n于1996年 推出首张个人同名大碟《陈奕迅》，其后《与我常在》和《我的快乐时代》推出后，渐受大众认识及注视。《我的快乐时代》获得首个叱吒乐坛流行榜颁奖典礼的“叱吒乐坛至尊唱片大奖”。\r\n\r\n1999年 《幸福》、《天佑爱人》和《新生活》 等专辑相继热卖，其中歌曲如《幸福摩天轮》和《每一个明天》等流行一时。同年与梅艳芳合唱《同声一哭》。并在10月7日至10日 于香港体育馆举行一连四场的“Big Live陈奕迅大个唱99”演唱会。\r\n\r\n英皇时期\r\n\r\n2000年 陈奕迅转投英皇娱乐旗下品牌Music Plus，与谢霆锋，何嘉莉，叶佩雯，容祖儿和王杰成为公司重要歌手；相继推出的专辑大卖《打得火热》、《Shall We Dance? Shall We Talk!》、《The Easy Ride》、《The Line Up》、《Eason 4 A Change & Hits》和《Live For Today》均成为热卖作品，其中《Shall We Talk》、《打得火热》、《K歌之王》、《明年今日》均进占流行榜冠军。陈并于2000-2002年 三度夺得“四台联颁音乐大奖--传媒大奖”，连续三届成为香港四大电子传媒音乐颁奖典礼大赢家；在2001和2002年度 《叱咤乐坛流行榜颁奖典礼》连续两次夺得“叱咤乐坛男歌手金奖”。而在英皇发展期间，于2001年及2003年 在香港体育馆分别举行两次名为《The Easy Ride》（共9场）及《Third Encounter》（共7场）演唱会。\r\n\r\n在2003年度 凭国语专辑《Special Thanks To...》夺得台湾金曲奖“最佳国语男演唱人”和“最佳专辑”，成为了继张学友后首位夺得这个大奖的香港男歌手，亦是第一个同时夺得这两个奖项的香港歌手。\r\n\r\n2003年 他与英皇唱片公司因未能就续约问题达成共识关系, 而遭到“雪藏” 。同时其任职香港房屋署总屋宇设备工程师的父亲陈裘大被控受贿罪成入狱，此事对陈奕迅打击甚大。在整个2004年除接拍电影外，陈奕迅的事业处于休息状态。\r\n\r\n新艺宝时期\r\n\r\n2005年 陈奕迅加盟环球唱片旗下新艺宝唱片公司，新城电台于3月17日 举行一场名为新城唱好陈奕迅05出击音乐会。而作为“复出”的首张专辑《U87》亦于6月7日 推出（U87是他录制专辑时的麦克风型号），四首主打歌（《夕阳无限好》、《阿牛》、《浮夸》及《葡萄成熟时》）获香港各大传媒流行榜周冠军。《U87》为2005年 香港最高销售量的粤语非精选专辑。《U87》更获Time时代周刊选为“2005年最值得购买的五大亚洲唱片”，并对陈奕迅的音乐有很高的评价，指他带领了香港的音乐潮流。\r\n\r\n2006年 推出专辑《Life Continues》，主打歌《最佳损友》获香港各大传媒流行榜周冠军。2006年10月21日 于正东10周年演唱会与张学友合唱《热辣辣》、《天下太平》，及互唱《如果这都不算爱》、《最佳损友》，被许多人形容为新的“左麟右李”。\r\n\r\n2006年2月 陈奕迅相隔3年后再次于香港体育馆举行了一连9场《Get a Life》演唱会，门票开售首天即售完。演唱会后推出EP《Life Continues》热卖，主打歌《最佳损友》获香港各大传媒流行榜周冠军。其后获奥比斯选为“光明大使”，并探访印度的失明儿童。11月 推出专辑《What\'s Going On》，其中包括多首冠军歌如《裙下之臣》、《黑择明》和《富士山下》，《富士山下》的国语版《爱情转移》亦成为2007年内地各颁奖礼的大赢家。\r\n\r\n2007年1月1日 于2006年度再 度夺走“叱咤乐坛男歌手金奖”和“叱咤乐坛我最喜爱的男歌手”两个大奖；1月13日 夺得“2006最受欢迎男歌星”。1月13日 于2006年度 十大劲歌金曲颁奖典礼首次夺得“最受欢迎男歌星”奖项。\r\n\r\n2007年4月 推出国语专辑《认了吧》，在专辑宣传期间，分别于中港台各地举行校园巡回演唱会，并凭此专辑再次提名第19届台湾金曲奖“最佳国语男演唱人”，年度最佳港台专辑。10月 推出专辑《Listen to Eason Chan》，是为一次大突破，整张专辑只有一首慢歌《crying in the party》，其余则是各种类型的快歌。10月24日至11月6日、11月9日至10日 于香港体育馆举行《Eason\'s Moving On Stage 1》演唱会，因反应热烈关系，一共六度加场至16场。其后两年展开世界巡回演唱会。\r\n\r\n2008年1月1日 凭著《Listen to Eason Chan》于2007年度 叱咤乐坛流行榜颁奖典礼夺得“叱咤乐坛男歌手金奖”和“叱咤乐坛我最喜爱的男歌手”，是继2005年度 的商台颁奖礼后，连续第三次同时夺得这两项大奖。2008年1月12日 于2007年度 十大劲歌金曲颁奖典礼中同时夺得“最受欢迎男歌星”及“亚太区最受欢迎香港男歌星”。1月20日 于2007年度 十大中文金曲颁奖音乐会连续三届夺得“最优秀流行男歌手奖”、亦再次夺得“四台联颁音乐大奖－传媒大奖”。在此之前，他与刘德华都一人得过4次传媒大奖，加上2007年 陈奕迅共得该奖5次，刷新纪录成为获传媒大奖最多的歌手，亦是第五次成为香港四大电子传媒音乐颁奖典礼的年度大赢家。8月13日，推出国语专辑《不想放手》。凭此专辑再次提名第20届台湾金曲奖“最佳国语男演唱人”及“最佳国语专辑奖”。\r\n\r\n2009年1月1日 于2008年度 叱咤乐坛流行榜颁奖典礼，连续四届夺得“叱咤乐坛我最喜爱的男歌手”。1月3日 于2008年度 十大劲歌金曲颁奖典礼连续二届夺得“亚太区最受欢迎香港男歌星”。3月23日 推出专辑《H3M》，由Moving On Stage演唱会班底每人写一首歌完成。陈奕迅亦交上冠军曲《沙龙》，其他冠军曲包括《七百年后》和《allegro opus 3.3am》。6月27日 于第二十届台湾金曲奖凭专辑《不想放手》第二次夺得“最佳国语专辑奖”，并成为第一位夺得此奖两次的非台湾男歌手。9月21日 推出国语专辑《上五楼的快活》，并凭此专辑再次提名第21届台湾金曲奖“最佳国语男演唱人”。\r\n\r\n2010年3月12日 推出EP《Time Flies(EP)》，其中包括三首三台冠军歌《无人之境》、《陀飞轮》及《一丝不挂》。3月 于香港体育馆举行的《DUO陈奕迅2010演唱会》，并邀请好友谢霆锋等作嘉宾。5月，陈奕迅举行他个人首次欧洲巡回演唱会，地点分别在英国伦敦皇家阿尔伯特音乐厅（Royal Albert Hall）、曼彻斯特阿波罗剧院（Manchester Apollo）以及荷兰鹿特丹阿侯伊体育馆（Ahoy Rotterdam）。伦敦以及曼彻斯特站的演唱会门票均在正式售票数小时内售罄。陈奕迅是继已故歌手罗文后，第二位进驻Royal Albert Hall演出的香港歌手。10月6日，DUO 陈奕迅2011演唱会台北及高雄站同时开卖，门票三小时即售罄，主办单位宣布台北站再加场。另外，陈奕迅也成了首位站上高雄巨蛋的香港歌手。10月15日，推出EP《Taste the Atmosphere》。12月29日 陈奕迅于新城劲爆颁奖礼共夺5个半奖成为大赢家，凭《一丝不挂》夺全球劲爆歌曲大奖。\r\n\r\n2011年1月1日 2010年度 叱吒乐坛流行榜颁奖典礼中获得五个奖，亦成为大赢家。包括夺得叱咤乐坛男歌手金奖，叱咤乐坛我最喜爱的男歌手等奖项。4月16日 陈奕迅在四川成都举行DUO陈奕迅2011成都演唱会。\r\n\r\n2012年 1月4日 王菲陈奕迅将联袂表演《因为爱情》登上2012年央视龙年春晚；12月1号晚 陈奕迅将以《Feel Free！Feel music！》音乐力量新姿态登陆北京万事达中心举办演唱会。12月11日晚 华语金曲奖2012在广州海心沙举行，陈奕迅共获包括全球华人至尊歌手、十大华语唱片在内的6项大奖，成为当晚的最大赢家。\r\n\r\n2013年发行专辑《The Key》。\r\n\r\n2014年5月15日发行国语概念专辑《米·闪》。该专辑共收录11首歌曲，并且融合了两种不同的风格 ，凭借此专辑在第26届台湾金曲奖获得最佳国语男歌手奖。\r\n\r\n2015年6月27日，在第26届金曲奖的舞台上演出组曲《八号风球》，其是由26首香港歌手的歌组合而成。同日，陈奕迅，时隔了12年后拿下第二座国语金曲歌王。 7月10日发行粤语专辑《准备中 Getting Ready》；该专辑发行后连续八星期获得香港销售榜冠军。\r\n\r\n2016年，在佛山、台北等地举行“Another Eason\'s LIFE世界巡回演唱会”。10月，发行单曲《I Do》；11月，演唱电影《摆渡人》爱情版主题曲《让我留在你身边》。\r\n\r\n2017年5月18日，陈奕迅发行国语EP《放&披风》，包含两首全新国语双单曲《放》和《披风》。7月20日，出演的电影《闪光少女》上映，陈奕迅饰演视察领导；8月4日，发行国语EP《海胆&谁来剪月光》，包含两首国语双单曲《海胆》和《谁来剪月光》；10月9日发行国语专辑《C\'mon in~》；同年，确认加盟原创专业音乐节目《中国新歌声第二季》。\r\n\r\n2017年9月，陈奕迅在香港举行盛大的新碟亚洲发布会，并宣布将在全球18个城市举行新歌音乐会“Eason Says C’mon in~tour”。\r\n\r\n荣誉记录：音乐奖项\r\n\r\n▪ 2018 第29届 台湾金曲奖-年度专辑 《C‘mon In~》 （获奖）\r\n\r\n▪ 2018 第29届 台湾金曲奖-最佳国语男歌手 （获奖）\r\n\r\n▪ 2018 第十三届 KKBOX数位音乐风云榜 十大风云歌手 （获奖）\r\n\r\n▪ 2017 第十一届 音乐盛典咪咕汇年度港台最受欢迎男歌手 （获奖）\r\n\r\n▪ 2017 CASH金帆音乐奖最佳男歌手演绎 《四季》 （获奖）\r\n\r\n▪ 2017 第四十届 十大中文金曲颁奖音乐会优秀流行歌手大奖 （获奖）\r\n\r\n▪ 2017 第四十届 十大中文金曲颁奖音乐会优秀流行国语歌曲奖－金奖 谁来剪月光 （获奖）\r\n\r\n▪ 2017 第四十届 十大中文金曲颁奖音乐会全国最佳歌手奖(男歌手) （获奖）\r\n\r\n▪ 2017 第四十届 十大中文金曲颁奖音乐会全球华人至尊金曲奖 谁来剪月光 （获奖）\r\n\r\n▪ 2017 第四十届 十大中文金曲颁奖音乐会最优秀流行男歌手 （获奖）\r\n\r\n▪ 2017 华语金曲奖十大华语金曲(国语) 在这个世界相遇 （获奖）\r\n\r\n▪ 2017 华语金曲奖十大华语金曲(粤语) 四季 （获奖）\r\n\r\n▪ 2017 华语金曲奖年度最佳粤语歌曲 四季 （获奖）\r\n\r\n▪ 2017 华语金曲奖我最喜爱的男歌手 （获奖）\r\n\r\n▪ 2016 第三十九届 十大中文金曲颁奖音乐会优秀流行歌手大奖 （获奖）\r\n\r\n▪ 2016 第三十九届 十大中文金曲颁奖音乐会最优秀流行男歌手 （获奖）\r\n\r\n▪ 2016 第三十九届 十大中文金曲颁奖音乐会全国最佳男歌手 （获奖）\r\n\r\n▪ 2016 第三十九届 十大中文金曲颁奖音乐会十大中文金曲 四季 （获奖）\r\n\r\n▪ 2016 第三十九届 十大中文金曲颁奖音乐会全球华人至尊金曲奖 四季 （获奖）\r\n\r\n▪ 2016 新城劲爆颁奖礼新城劲爆25周年音乐大奖 （获奖）\r\n\r\n▪ 2016 第十届 音乐盛典咪咕汇 十年十大金曲 稳稳的幸福 （获奖）\r\n\r\n▪ 2016 第十届 音乐盛典咪咕汇 年度十大金曲 人生马拉松 （获奖）\r\n\r\n▪ 2016 第十届 音乐盛典咪咕汇 年度最佳粤语专辑 准备中 （获奖）\r\n\r\n▪ 2016 第十届 音乐盛典咪咕汇 年度最佳男歌手 （获奖）\r\n\r\n▪ 2016 第十届 音乐盛典咪咕汇十年最受欢迎歌手 （获奖）\r\n\r\n▪ 2016 华语金曲奖十大华语唱片 准备中 （获奖）\r\n\r\n▪ 2016 华语金曲奖 十大华语金曲 无条件 （获奖）\r\n\r\n▪ 2016 第十一届 KKBox数位音乐风云榜年度粤语歌手 （获奖）\r\n\r\n▪ 2016 音悦V榜盛典 港台年度专辑 准备中 （获奖）\r\n\r\n▪ 2016 全球华语歌曲排行榜 （获奖）\r\n\r\n▪ 2016 全球华语歌曲排行榜 最佳专辑奖 准备中 （获奖）\r\n\r\n▪ 2016 CASH金帆音乐奖最广泛演出金帆奖 无条件 （获奖）\r\n\r\n▪ 2016 叱咤乐坛流行榜颁奖典礼叱咤乐坛至尊歌曲大奖 四季 （获奖）\r\n\r\n▪ 2015 第19届 全球华语榜中榜最受欢迎男歌手奖 （提名）\r\n\r\n▪ 2015 第37届 十大中文金曲音乐会最优秀流行男歌手大奖 （获奖）\r\n\r\n▪ 2015 第37届 十大中文金曲音乐会优秀流行歌手大奖 （获奖）\r\n\r\n▪ 2015 第26届 台湾金曲奖-最佳国语男歌手 （获奖）\r\n\r\n▪ 2015 第26届 台湾金曲奖最佳国语男歌手奖 米·闪 （获奖）\r\n\r\n▪ 2014 第36届 十大中文金曲优秀流行歌手大奖 （获奖）\r\n\r\n▪ 2014 第36届 十大中文金曲全球华人至尊金曲奖 任我行 （获奖）\r\n\r\n▪ 2014 第36届 十大中文金曲奖 任我行 （获奖）\r\n\r\n▪ 2014 第36届 十大中文金曲奖全年最高销量歌手大奖 （获奖）\r\n\r\n▪ 2014 第36届 十大中文金曲奖全国最佳歌手奖（男歌手） （获奖）\r\n\r\n▪ 2014 第36届 十大中文金曲奖最优秀流行男歌手奖 （获奖）\r\n\r\n▪ 2014 叱咤乐坛流行榜颁奖典礼叱咤乐坛至尊歌曲大奖 任我行 （获奖）\r\n\r\n▪ 2014 叱咤乐坛流行榜颁奖典礼叱咤乐坛我最喜爱歌曲大奖 任我行 （获奖）\r\n\r\n▪ 2014 叱咤乐坛流行榜颁奖典礼叱咤乐坛男歌手金奖 （获奖）\r\n\r\n▪ 2014 叱咤乐坛流行榜颁奖典礼叱咤乐坛至尊唱片大奖 the key （获奖）\r\n\r\n▪ 2014 叱咤乐坛流行榜颁奖典礼叱咤乐坛我最喜爱的男歌手 （获奖）\r\n\r\n▪ 2013 新城劲爆颁奖礼新城劲爆年度歌手大奖 （获奖）\r\n\r\n▪ 2013 新城劲爆颁奖礼新城劲爆年度歌曲大奖 任我行 （获奖）\r\n\r\n▪ 2013 新城劲爆颁奖礼新城全球劲爆歌曲 任我行 （获奖）\r\n\r\n▪ 2013 新城劲爆颁奖礼新城全球劲爆歌手 （获奖）\r\n\r\n▪ 2013 新城劲爆颁奖礼新城劲爆学生我最欣赏男歌手 （获奖）\r\n\r\n▪ 2013 CASH金帆音乐奖CASH最广泛演出金帆奖 重口味 （获奖）\r\n\r\n▪ 2013 CASH金帆音乐奖最佳男歌手演绎奖 任我行 （获奖）\r\n\r\n▪ 2013 CASH金帆音乐奖CASH最佳歌曲大奖 任我行 （获奖）\r\n\r\n▪ 2013 第35届 十大中文金曲十大歌曲奖 重口味 （获奖）\r\n\r\n▪ 2013 第35届 十大中文金曲全年最高销量歌手大奖 （获奖）\r\n\r\n▪ 2013 第35届 十大中文金曲优秀流行歌手大奖 （获奖）\r\n\r\n▪ 2013 第35届 十大中文金曲最优秀流行男歌手 （获奖）\r\n\r\n▪ 2013 大众音乐榜大众华语最佳男歌手奖 （提名）\r\n\r\n▪ 2013 百度沸点百度音乐10年最受欢迎男歌手 （获奖）\r\n\r\n▪ 2013 第35届 十大中文金曲全球华人至尊金曲奖 重口味 （获奖）\r\n\r\n▪ 2012 新城劲爆颁奖礼新城劲爆歌曲 完 （获奖）\r\n\r\n▪ 2012 SINA Music乐坛民意指数颁奖礼我最喜爱至尊金曲 重口味 （获奖）\r\n\r\n▪ 2012 第12届 全球华语歌曲排行榜年度二十大金曲奖 孤独患者 （获奖）\r\n\r\n▪ 2012 新城国语力颁奖礼新城国语力全球至尊舞台大奖 （获奖）\r\n\r\n▪ 2012 新城劲爆颁奖礼新城全球劲爆歌手 （获奖）\r\n\r\n▪ 2012 SINA Music乐坛民意指数颁奖礼SINA Musi最高收听率二十大歌曲奖 重口味 （获奖）\r\n\r\n▪ 2012 叱咤乐坛流行榜颁奖典礼叱咤乐坛男歌手金奖 （获奖）\r\n\r\n▪ 2012 新城国语力颁奖礼新城国语力全球最受欢迎至尊歌手大奖 （获奖）\r\n\r\n▪ 2012 加拿大至HiT中文歌曲排行榜全国推崇十大歌曲奖（粤语） 重口味 （获奖）\r\n\r\n▪ 2012 新城国语力颁奖礼新城国语力歌曲奖 孤独患者 （获奖）\r\n\r\n▪ 2012 第8届 KKBOX数位音乐风云榜十大风云歌手奖 （获奖）\r\n\r\n▪ 2012 叱咤乐坛流行榜颁奖典礼叱咤乐坛至尊歌曲大奖 重口味 （获奖）\r\n\r\n▪ 2012 华语金曲奖十大华语唱片奖 因为爱情 （获奖）\r\n\r\n▪ 2012 第12届 全球华语歌曲排行榜最佳专辑奖 （获奖）\r\n\r\n▪ 2012 新城劲爆颁奖礼新城劲爆年度歌手大奖 （获奖）\r\n\r\n▪ 2012 第12届 全球华语歌曲排行榜最佳男歌手奖 （获奖）\r\n\r\n▪ 2012 新城劲爆颁奖礼新城全球劲爆歌曲奖 重口味 （获奖）\r\n\r\n▪ 2012 SINA Music乐坛民意指数颁奖礼 对唱演绎金曲大奖 重口味 （获奖）\r\n\r\n▪ 2012 全港民意流行音乐颁奖礼2012十大最受欢迎歌曲奖 完 （获奖）\r\n\r\n▪ 2012 SINA Music乐坛民意指数颁奖礼 我最喜爱至尊大碟奖 ..3mm （获奖）\r\n\r\n▪ 2012 加拿大至HiT中文歌曲排行榜全国推崇男歌手奖（粤语） （获奖）\r\n\r\n▪ 2011 新城国语力颁奖礼新城国语力歌曲奖 等你爱我 （获奖）\r\n\r\n▪ 2011 第34届 十大中文金曲颁奖音乐会全国最佳男歌手奖 （获奖）\r\n\r\n▪ 2011 加拿大至HiT中文歌曲排行榜全国推崇十大歌曲奖（粤语） 苦瓜 （获奖）\r\n\r\n▪ 2011 新城劲爆颁奖礼新城劲爆年度歌曲大奖 苦瓜 （获奖）\r\n\r\n▪ 2011 CASH金帆音乐奖最佳男歌手演绎奖 六月飞霜 （获奖）\r\n\r\n▪ 2011 华语金曲奖年度最佳粤语男歌手奖 （获奖）\r\n\r\n▪ 2011 CASH金帆音乐奖最佳合唱演绎奖 因为爱情 （获奖）\r\n\r\n▪ 2011 叱咤乐坛流行榜颁奖典礼专业推介叱咤十大歌曲奖 六月飞霜 （获奖）\r\n\r\n▪ 2011 SINA Music乐坛民意指数颁奖礼我最喜爱全国男歌手 （获奖）\r\n\r\n▪ 2011 IFPI香港唱片销量大奖颁奖礼十大数码畅销歌曲奖 陀飞轮 （获奖）\r\n\r\n▪ 2011 CASH金帆音乐奖 最广泛演出金帆奖（粤语流行作品） 一丝不挂 （获奖）\r\n\r\n▪ 2011 加拿大至HiT中文歌曲排行榜全国推崇男歌手（粤语） （获奖）\r\n\r\n▪ 2011 新城劲爆颁奖礼新城全球劲爆歌手 （获奖）\r\n\r\n▪ 2011 第34届 十大中文金曲颁奖音乐会最优秀流行男歌手 （获奖）\r\n\r\n▪ 2011 CASH金帆音乐奖最佳歌曲大奖 六月飞霜 （获奖）\r\n\r\n▪ 2011 新城国语力颁奖礼新城国语力全球最受欢迎至尊歌手大奖 （获奖）\r\n\r\n▪ 2011 华语金曲奖十大华语唱片 Time Flies （获奖）\r\n\r\n▪ 2011 新城劲爆颁奖礼新城全球劲爆歌曲 六月飞霜 （获奖）\r\n\r\n▪ 2011 第34届 十大中文金曲颁奖音乐会全年最高销量男歌手 （获奖）\r\n\r\n▪ 2011 第34届 十大中文金曲颁奖音乐会优秀流行歌手大奖 （获奖）\r\n\r\n▪ 2011 华语金曲奖 十大华语金曲 陀飞轮 （获奖）\r\n\r\n▪ 2011 SINA Music乐坛民意指数颁奖礼至尊大碟 Stranger Under My Skin （获奖）\r\n\r\n▪ 2011 SINA Music乐坛民意指数颁奖礼新浪微博发声男歌手奖 （获奖）\r\n\r\n▪ 2011 第34届 十大中文金曲颁奖音乐会十大歌曲奖 六月飞霜 （获奖）\r\n\r\n▪ 2011 第7届 KKBOX数位音乐风云榜年度粤语歌手 （获奖）\r\n\r\n▪ 2011 新城劲爆颁奖礼新城劲爆播放指数大奖 （获奖）\r\n\r\n▪ 2011 新城国语力颁奖礼新城国语力歌曲 因为爱情 （获奖）\r\n\r\n▪ 2011 叱咤乐坛流行榜颁奖典礼叱咤乐坛我最喜爱的男歌手 （获奖）\r\n\r\n▪ 2010 新城劲爆歌曲奖 一丝不挂 （获奖）\r\n\r\n▪ 2010 新城全球劲爆舞台大奖 （获奖）\r\n\r\n▪ 2010 十大中文金曲颁奖典礼传媒推荐大奖男歌手 （获奖）\r\n\r\n▪ 2010 十大中文金曲颁奖典礼全球华人至尊金曲奖 陀飞轮 （获奖）\r\n\r\n▪ 2010 十大中文金曲颁奖典礼十大中文金曲 陀飞轮 （获奖）\r\n\r\n▪ 2010 叱咤乐坛至尊唱片大奖 TIME FLIES （获奖）\r\n\r\n▪ 2010 蒙牛酸酸乳音乐风云榜十年盛典十年港台十大金曲2006年金曲 爱情转移 （获奖）\r\n\r\n▪ 2010 十大中文金曲颁奖典礼传媒推荐大奖歌曲 陀飞轮 （获奖）\r\n\r\n▪ 2010 叱吒乐坛流行榜颁奖典礼专业推介叱咤十大歌曲奖 陀飞轮 （获奖）\r\n\r\n▪ 2010 十大中文金曲颁奖典礼最优秀流行男歌手 （获奖）\r\n\r\n▪ 2010 十大中文金曲颁奖典礼- 全年最高销量男歌手 （获奖）\r\n\r\n▪ 2010 新城劲爆我最欣赏男歌手 （获奖）\r\n\r\n▪ 2010 蒙牛酸酸乳音乐风云榜十年盛典最具影响力音乐人 （获奖）\r\n\r\n▪ 2010 十大中文金曲颁奖典礼优秀流行歌手大奖 （获奖）\r\n\r\n▪ 2010 新城全球劲爆歌手 （获奖）\r\n\r\n▪ 2009 十大中文金曲颁奖典礼优秀流行歌手大奖 （获奖）\r\n\r\n▪ 2009 中歌榜年度最佳男歌手(港台) （获奖）\r\n\r\n▪ 2009 蒙牛酸酸乳音乐风云榜最佳男歌手 （获奖）\r\n\r\n▪ 2009 新城国语力颁奖礼获得全球至尊舞台大奖 （获奖）\r\n\r\n▪ 2009 第六届 劲歌王颁奖典礼港台地区最受欢迎男歌手 （获奖）\r\n\r\n▪ 2009 蒙牛酸酸乳音乐风云榜评审团大奖,年度风云大奖 （获奖）\r\n\r\n▪ 2009 叱咤乐坛流行榜颁奖礼叱咤乐坛男歌手金奖 （获奖）\r\n\r\n▪ 2009 蒙牛酸酸乳音乐风云榜最佳歌曲奖 路...一直都在 （获奖）\r\n\r\n▪ 2009 新城国语力颁奖礼获得香港地区男歌手奖 （获奖）\r\n\r\n▪ 2009 香港新浪乐坛民意指数颁奖礼我最喜爱至尊大碟 H3M （获奖）\r\n\r\n▪ 2009 第13届 中华音乐人交流协会年度十大专辑 不想放手 （获奖）\r\n\r\n▪ 2009 十大中文金曲颁奖典礼全年最高销量男歌手 （获奖）\r\n\r\n▪ 2009 叱咤乐坛流行榜颁奖礼专业推介叱咤乐坛至尊歌曲大奖 七百年后 （获奖）\r\n\r\n▪ 2009 腾讯网星光大典港台年度男歌手 （获奖）\r\n\r\n▪ 2009 叱咤乐坛流行榜颁奖礼叱咤乐坛我最喜爱的男歌手 （获奖）\r\n\r\n▪ 2009 MY Astro至尊流行榜颁奖典礼至尊金曲 七百年后 （获奖）\r\n\r\n▪ 2009 MY Astro至尊流行榜颁奖典礼至尊金曲 于心有愧 （获奖）\r\n\r\n▪ 2009 香港新浪乐坛民意指数颁奖礼最高收听率二十大歌曲奖 七百年后 （获奖）\r\n\r\n▪ 2009 MY Astro至尊流行榜颁奖典礼至尊海外男歌手奖 （获奖）\r\n\r\n▪ 2009 MusicRadio中国TOP排行榜传媒推荐大奖 （获奖）\r\n\r\n▪ 2009 叱咤乐坛流行榜颁奖礼叱咤乐坛至尊唱片大奖 H3M （获奖）\r\n\r\n▪ 2009 中歌榜年度金曲奖 床头灯 （获奖）\r\n\r\n▪ 2009 第13届 中华音乐人交流协会年度十大金曲 不要说话 （获奖）\r\n\r\n▪ 2009 第20届 台湾金曲奖最佳国语专辑奖 不想放手 （获奖）\r\n\r\n▪ 2009 叱咤乐坛流行榜颁奖礼四台联颁音乐大奖 H3M （获奖）\r\n\r\n▪ 2009 十大中文金曲颁奖典礼最优秀流行男歌手 （获奖）\r\n\r\n▪ 2009 MusicRadio中国TOP排行榜港台年度金曲 路…一直都在 （获奖）\r\n\r\n▪ 2009 十大中文金曲颁奖典礼全球华人至尊金曲奖 七百年后 （获奖）\r\n\r\n▪ 2009 第13届 中华音乐人交流协会年度十大金曲 倒带人生 （获奖）\r\n\r\n▪ 2009 新城国语力颁奖礼获得至尊歌手大奖 （获奖）\r\n\r\n▪ 2009 蒙牛酸酸乳音乐风云榜最佳音乐录影带奖 路...一直都在 （获奖）\r\n\r\n▪ 2009 十大中文金曲颁奖典礼十大中文金曲 七百年后 （获奖）\r\n\r\n▪ 2009 蒙牛酸酸乳音乐风云榜最佳专辑奖 不想放手 （获奖）\r\n\r\n▪ 2009 十大中文金曲颁奖典礼全国最佳歌手奖男歌手 （获奖）\r\n\r\n▪ 2009 新城国语力颁奖礼获得年度歌曲奖 然后怎样 （获奖）\r\n\r\n▪ 2008 新城劲爆颁奖礼新城劲爆男歌手 （获奖）\r\n\r\n▪ 2008 新城国语力颁奖礼新城国语力歌曲 路...一直都在 （获奖）\r\n\r\n▪ 2008 第9届 CCTV-MTV音乐盛典香港地区年度最受欢迎男歌手奖 （获奖）\r\n\r\n▪ 2008 第31届 十大中文金曲颁奖典礼优秀流行歌手大奖 （获奖）\r\n\r\n▪ 2008 新城国语力颁奖礼新城国语力年度歌曲大奖 路...一直都在 （获奖）\r\n\r\n▪ 2008 新城劲爆颁奖礼新城全球劲爆歌曲 路一直都在 （获奖）\r\n\r\n▪ 2008 中歌榜年度最佳男歌手（港台） （获奖）\r\n\r\n▪ 2008 第31届 十大中文金曲颁奖典礼优秀流行国语歌曲奖 （获奖）\r\n\r\n▪ 2008 星光大典港台地区年度男歌手 （获奖）\r\n\r\n▪ 2008 TVB8金曲榜颁奖典礼金曲奖 路一直都在 （获奖）\r\n\r\n▪ 2008 新城国语力颁奖礼新城国语力男歌手大奖 （获奖）\r\n\r\n▪ 2008 TVB8金曲榜颁奖典礼最受欢迎男歌手奖 （获奖）\r\n\r\n▪ 2008 新城劲爆颁奖礼新城全球劲爆歌手 （获奖）\r\n\r\n▪ 2008 叱咤乐坛流行榜颁奖礼叱咤乐坛我最喜爱的男歌手 （获奖）\r\n\r\n▪ 2008 新城国语力颁奖礼新城国语力演绎奖 （获奖）\r\n\r\n▪ 2008 TVB8金曲榜颁奖典礼年度金曲奖 路...一直都在 （获奖）\r\n\r\n▪ 2008 翡翠歌星贺台庆最佳造型男歌星奖 （获奖）\r\n\r\n▪ 2008 新城劲爆颁奖礼新城劲爆我最欣赏男歌手大奖 （获奖）\r\n\r\n▪ 2008 第31届 十大中文金曲颁奖典礼全年最高销量歌手大奖 （获奖）\r\n\r\n▪ 2008 新城劲爆颁奖礼新城劲爆歌曲奖 （获奖）\r\n\r\n▪ 2008 叱咤乐坛流行榜颁奖礼专业推介叱咤十大歌曲奖 路一直都在 （获奖）\r\n\r\n▪ 2008 叱咤乐坛流行榜颁奖礼叱咤乐坛男歌手铜奖 （获奖）\r\n\r\n▪ 2008 十大劲歌金曲颁奖典礼亚太区最受欢迎香港男歌星 （获奖）\r\n\r\n▪ 2008 第八届全球华语歌曲排行榜颁奖礼最佳男歌手、最受欢迎男歌手五强之一 （获奖）\r\n\r\n▪ 2008 新城国语力颁奖礼新城国语力年度歌手大奖 （获奖）\r\n\r\n▪ 2008 星光大典 港台地区年度专辑 不想放手 （获奖）\r\n\r\n▪ 2008 第31届 十大中文金曲颁奖典礼全国最佳男歌手奖 （获奖）\r\n\r\n▪ 2008 十大劲歌金曲颁奖典礼十大劲歌金曲奖 歌颂 （获奖）\r\n\r\n▪ 2008 TVB8金曲榜颁奖典礼全球观众最爱粤曲歌金奖 时代巨轮 （获奖）\r\n\r\n▪ 2008 第31届 十大中文金曲颁奖典礼最优秀流行男歌手奖 （获奖）\r\n\r\n▪ 2007 十大中文金曲颁奖礼全年最高销量男歌手大奖 （获奖）\r\n\r\n▪ 2007 四台联颁传媒卓越大奖 （获奖）\r\n\r\n▪ 2007 十大中文金曲颁奖礼优秀流行歌手大奖 （获奖）\r\n\r\n▪ 2007 十大劲歌金曲颁奖典礼最受欢迎华语歌曲奖银奖 淘汰 （获奖）\r\n\r\n▪ 2007 新城劲爆颁奖礼新城全球劲爆舞台大奖 （获奖）\r\n\r\n▪ 2007 十大劲歌金曲颁奖典礼最受欢迎男歌星 （获奖）\r\n\r\n▪ 2007 叱咤乐坛流行榜颁奖礼专业推介叱咤十大歌曲奖 Crying in the Party （获奖）\r\n\r\n▪ 2007 十大中文金曲颁奖礼全球华人至尊金曲奖 富士山下 （获奖）\r\n\r\n▪ 2007 新城劲爆颁奖礼新城全球劲爆歌手 （获奖）\r\n\r\n▪ 2007 十大中文金曲颁奖礼全国最佳中文歌曲 富士山下 （获奖）\r\n\r\n▪ 2007 叱咤乐坛流行榜颁奖礼叱咤乐坛至尊唱片 Listen to Eason Chan （获奖）\r\n\r\n▪ 2007 叱咤乐坛流行榜颁奖礼叱咤乐坛男歌手金奖 （获奖）\r\n\r\n▪ 2007 新城劲爆颁奖礼新城劲爆大碟 Listen to Eason Chan （获奖）\r\n\r\n▪ 2007 叱咤乐坛流行榜颁奖礼叱咤乐坛我最喜爱的男歌手 （获奖）\r\n\r\n▪ 2007 十大中文金曲颁奖礼最优秀流行男歌手大奖 （获奖）\r\n\r\n▪ 2007 叱咤乐坛流行榜颁奖礼十年我最爱歌曲 K歌之王 （获奖）\r\n\r\n▪ 2007 新城劲爆颁奖礼新城劲爆歌曲 Crying in the Party （获奖）\r\n\r\n▪ 2007 十大劲歌金曲颁奖典礼十大劲歌金曲奖 富士山下 （获奖）\r\n\r\n▪ 2007 新城劲爆颁奖礼新城劲爆我最欣赏歌曲 富士山下 （获奖）\r\n\r\n▪ 2007 十大中文金曲颁奖礼十大金曲奖 富士山下 （获奖）\r\n\r\n▪ 2007 十大劲歌金曲颁奖典礼亚太区最受欢迎香港男歌星 （获奖）\r\n\r\n▪ 2006 第29届 十大中文金曲颁奖礼最优秀流行男歌手 （获奖）\r\n\r\n▪ 2006 SINA Music乐坛民意指数颁奖礼新歌试听最高收听率歌曲奖 富士山下 （获奖）\r\n\r\n▪ 2006 十大劲歌金曲颁奖礼十大劲歌金曲 最佳损友 （获奖）\r\n\r\n▪ 2006 新城劲爆颁奖礼新城劲爆歌曲 裙下之臣 （获奖）\r\n\r\n▪ 2006 新城劲爆颁奖礼新城劲爆歌曲 最佳损友 （获奖）\r\n\r\n▪ 2006 新城劲爆颁奖礼新城劲爆国语歌手大奖 （获奖）\r\n\r\n▪ 2006 新城劲爆颁奖礼新城劲爆专辑 Life Continues... （获奖）\r\n\r\n▪ 2006 叱吒乐坛流行榜颁奖典礼叱吒乐坛男歌手金奖 （获奖）\r\n\r\n▪ 2006 叱吒乐坛流行榜颁奖典礼叱吒乐坛我最喜爱的男歌手 （获奖）\r\n\r\n▪ 2006 叱吒乐坛流行榜颁奖典礼专业推介叱吒十大歌曲奖 富士山下 （获奖）\r\n\r\n▪ 2006 第29届 十大中文金曲颁奖礼十大中文金曲 最佳损友 （获奖）\r\n\r\n▪ 2006 十大劲歌金曲颁奖礼最受欢迎男歌星 （获奖）\r\n\r\n▪ 2006 新城劲爆颁奖礼全球劲爆舞台大奖 （获奖）\r\n\r\n▪ 2006 CASH金帆音乐奖最佳男歌手演绎奖（流行音乐） 落花流水 （获奖）\r\n\r\n▪ 2006 第29届 十大中文金曲颁奖礼优秀流行歌手大奖 （获奖）\r\n\r\n▪ 2006 新城劲爆颁奖礼新城劲爆男歌手 （获奖）\r\n\r\n▪ 2005 第28届 十大中文金曲颁奖礼全球华人至尊金曲奖 夕阳无限好 （获奖）\r\n\r\n▪ 2005 第28届 十大中文金曲颁奖礼最优秀流行男歌手 （获奖）\r\n\r\n▪ 2005 叱吒乐坛流行榜颁奖典礼叱吒乐坛我最喜爱的歌曲大奖 夕阳无限好 （获奖）\r\n\r\n▪ 2005 第28届 十大中文金曲颁奖礼全国最受欢迎歌手奖（男歌手银奖） （获奖）\r\n\r\n▪ 2005 第28届 十大中文金曲颁奖礼优秀流行歌手大奖 （获奖）\r\n\r\n▪ 2005 四台联颁音乐大奖 2005传媒大奖 （获奖）\r\n\r\n▪ 2005 叱吒乐坛流行榜颁奖典礼叱吒乐坛我最喜爱的男歌手 （获奖）\r\n\r\n▪ 2005 新城劲爆颁奖礼劲爆年度歌曲大奖 夕阳无限好 （获奖）\r\n\r\n▪ 2005 叱咤乐坛流行榜颁奖典礼四台联颁大碟奖 U87 （获奖）\r\n\r\n▪ 2005 RoadShow至尊音乐颁奖礼 RoadShow至尊歌曲 夕阳无限好 （获奖）\r\n\r\n▪ 2005 叱吒乐坛流行榜颁奖典礼叱吒乐坛至尊歌曲大奖 夕阳无限好 （获奖）\r\n\r\n▪ 2005 新城劲爆颁奖礼劲爆歌曲大奖 浮夸 （获奖）\r\n\r\n▪ 2005 第28届 十大中文金曲颁奖礼十大中文金曲 夕阳无限好 （获奖）\r\n\r\n▪ 2005 新城劲爆颁奖礼劲爆大碟 U87 （获奖）\r\n\r\n▪ 2005 叱吒乐坛流行榜颁奖典礼叱吒乐坛至尊唱片大奖 U87 （获奖）\r\n\r\n▪ 2005 新城劲爆颁奖礼劲爆我最欣赏歌曲 浮夸 （获奖）\r\n\r\n▪ 2005 十大劲歌金曲颁奖礼十大劲歌金曲 夕阳无限好 （获奖）\r\n\r\n▪ 2005 CASH金帆音乐奖最佳男歌手演绎奖 浮夸 （获奖）\r\n\r\n▪ 2005 第28届 十大中文金曲颁奖礼全国最受欢迎中文歌曲奖银奖 夕阳无限好 （获奖）\r\n\r\n▪ 2005 新城劲爆颁奖礼劲爆歌曲大奖 夕阳无限好 （获奖）\r\n\r\n▪ 2005 新城劲爆颁奖礼劲爆男歌手 （获奖）\r\n\r\n▪ 2005 十大劲歌金曲颁奖礼最受欢迎广告歌曲大奖 听听 （获奖）\r\n\r\n▪ 2005 叱吒乐坛流行榜颁奖典礼叱吒乐坛男歌手金奖 （获奖）\r\n\r\n▪ 2003 新城劲爆颁奖礼新城劲爆歌曲 十面埋伏 （获奖）\r\n\r\n▪ 2003 第14届 台湾金曲奖最佳国语男演唱人奖 （获奖）\r\n\r\n▪ 2003 叱吒乐坛流行榜颁奖典礼叱吒乐坛男歌手铜奖 （获奖）\r\n\r\n▪ 2003 IFPI十大最高销量国语唱片 黑白灰 （获奖）\r\n\r\n▪ 2003 IFPI全年最高销量男歌手 （获奖）\r\n\r\n▪ 2003 第14届 台湾金曲奖最佳国语专辑 Special Thanks To （获奖）\r\n\r\n▪ 2003 十大劲歌金曲颁奖典礼十大劲歌金曲 十面埋伏 （获奖）\r\n\r\n▪ 2003 叱吒乐坛流行榜颁奖典礼专业推介叱吒十大歌曲奖 十面埋伏 （获奖）\r\n\r\n▪ 2003 四台联颁音乐大奖 歌曲奖 十面埋伏 （获奖）\r\n\r\n▪ 2002 叱吒乐坛流行榜颁奖典礼叱吒乐坛男歌手金奖 （获奖）\r\n\r\n▪ 2002 叱吒乐坛流行榜颁奖典礼叱吒乐坛至尊唱片大奖 The Line-up （获奖）\r\n\r\n▪ 2002 第25届 十大中文金曲颁奖礼十大中文金曲 明年今日 （获奖）\r\n\r\n▪ 2002 十大劲歌金曲颁奖典礼金曲金奖 明年今日 （获奖）\r\n\r\n▪ 2002 十大劲歌金曲颁奖典礼十大劲歌金曲 明年今日 （获奖）\r\n\r\n▪ 2002 第25届 十大中文金曲颁奖礼全球华人至尊金曲奖 明年今日 （获奖）\r\n\r\n▪ 2002 叱吒乐坛流行榜颁奖典礼专业推介叱吒十大歌曲奖 人来人往 （获奖）\r\n\r\n▪ 2001 第8届 Channel V全球华语音乐榜卓越歌艺奖 （获奖）\r\n\r\n▪ 2001 新城劲爆颁奖礼新城劲爆歌曲奖 Shall We Talk （获奖）\r\n\r\n▪ 2001 第8届 Channel V全球华语音乐榜最受欢迎歌曲 爱是怀疑 （获奖）\r\n\r\n▪ 2001 新城劲爆颁奖礼四台联颁音乐大奖大碟奖 Shall We Dance? Shall We Talk! （获奖）\r\n\r\n▪ 2001 叱吒乐坛流行榜颁奖典礼叱吒乐坛至尊唱片大奖 Shall We Dance? Shall We Talk! （获奖）\r\n\r\n▪ 2001 新城劲爆颁奖礼新城劲爆年度歌曲大奖 Shall We Talk （获奖）\r\n\r\n▪ 2001 十大劲歌金曲颁奖典礼十大劲歌金曲 Shall We Talk （获奖）\r\n\r\n▪ 2001 第24届 十大中文金曲颁奖典礼全球华人至尊金曲奖 Shall We Talk （获奖）\r\n\r\n▪ 2001 叱吒乐坛流行榜颁奖典礼叱吒乐坛男歌手金奖 （获奖）\r\n\r\n▪ 2001 儿歌金曲颁奖典礼十大儿歌金曲 单车 （获奖）\r\n\r\n▪ 2001 十大劲歌金曲颁奖典礼金曲金奖 Shall We Talk （获奖）\r\n\r\n▪ 2001 叱吒乐坛流行榜颁奖典礼专业推介叱吒十大歌曲奖 Shall We Talk （获奖）\r\n\r\n▪ 2001 叱吒乐坛流行榜颁奖典礼叱吒乐坛15-24岁最喜爱的人人英雄奖 （获奖）\r\n\r\n▪ 2001 第24届 十大中文金曲颁奖典礼十大中文金曲 Shall We Talk （获奖）\r\n\r\n▪ 2001 第8届 Channel V全球华语音乐榜特别推荐新浪潮 （获奖）\r\n\r\n▪ 2001 第24届 十大中文金曲颁奖典礼最受欢迎卡拉OK男歌手奖 （获奖）\r\n\r\n▪ 2001 第24届 十大中文金曲颁奖典礼四台联颁传媒大奖 （获奖）\r\n\r\n▪ 2000 儿歌金曲颁奖典礼最受欢迎儿歌组合奖金奖 真正本色 （获奖）\r\n\r\n▪ 2000 CASH金帆音乐奖最佳男歌手演绎奖（流行音乐） K歌之王 （获奖）\r\n\r\n▪ 2000 十大劲歌金曲颁奖典礼十大劲歌金曲 K歌之王 （获奖）\r\n\r\n▪ 2000 叱吒乐坛流行榜颁奖典礼叱吒乐坛我最喜爱的歌曲大奖 K歌之王 （获奖）\r\n\r\n▪ 2000 叱吒乐坛流行榜颁奖典礼叱吒乐坛男歌手银奖 （获奖）\r\n\r\n▪ 2000 叱吒乐坛流行榜颁奖典礼叱吒乐坛至尊歌曲大奖 K歌之王 （获奖）\r\n\r\n▪ 1999 十大劲歌金曲颁奖礼十大劲歌金曲奖 幸福摩天轮 （获奖）\r\n\r\n▪ 1999 叱吒乐坛流行榜颁奖典礼专业推介叱吒十大歌曲奖 幸福摩天轮 （获奖）\r\n\r\n▪ 1999 四台联颁音乐大奖歌曲奖 幸福摩天轮 （获奖）\r\n\r\n▪ 1999 叱吒乐坛流行榜颁奖典礼叱吒乐坛至尊唱片大奖 天佑爱人 （获奖）\r\n\r\n▪ 1999 叱吒乐坛流行榜颁奖典礼叱吒乐坛我最喜爱的歌曲大奖 幸福摩天轮 （获奖）\r\n\r\n▪ 1998 第21届 十大中文金曲颁奖典礼十二优歌手奖 （获奖）\r\n\r\n▪ 1998 十大劲歌金曲颁奖礼最受欢迎广告歌曲大奖铜奖 大激想 （获奖）\r\n\r\n▪ 1998 新城劲爆颁奖礼音乐会新城劲爆歌曲 天下无双 （获奖）\r\n\r\n▪ 1998 第21届 十大中文金曲颁奖典礼十大中文金曲 天下无双 （获奖）\r\n\r\n▪ 1998 叱吒乐坛流行榜颁奖典礼叱吒乐坛至尊唱片大奖 我的快乐时代 （获奖）\r\n\r\n▪ 1998 十大劲歌金曲颁奖礼十大劲歌金曲奖 天下无双 （获奖）\r\n\r\n▪ 1998 新城劲爆颁奖礼音乐会四台联颁卓越表现大奖 （获奖）\r\n\r\n▪ 1998 儿歌金曲颁奖典礼十大儿歌金曲及金曲金奖 超人的主题曲 （获奖）\r\n\r\n▪ 1998 叱吒乐坛流行榜颁奖典礼专业推介叱吒十大歌曲奖 天下无双 （获奖）\r\n\r\n▪ 1997 第20届 十大中文金曲颁奖典礼最佳创作歌曲 与我常在 （获奖）\r\n\r\n▪ 1997 第20届 十大中文金曲颁奖典礼飞跃大奖男歌手银奖 （获奖）\r\n\r\n▪ 1996 叱吒乐坛流行榜叱吒新力军男歌手银奖 （获奖）\r\n\r\n▪ 1996 新城劲爆颁奖礼 金心新贵新人钻石奖 （获奖）\r\n\r\n▪ 1995 第14届 新秀歌唱大赛自我风格大奖 （获奖）\r\n\r\n电影奖项\r\n\r\n▪ 2010 星光大典“年度电影男演员” 金钱帝国 （获奖）\r\n\r\n▪ 2008 第45届 台湾电影金马奖最佳男配角 破事儿 （提名）\r\n\r\n▪ 2005 第5届 华语电影传媒大奖最佳男主角 爱作战 （提名）\r\n\r\n▪ 2001 第20届 香港电影金像奖最佳男配角 薰衣草 （提名）', 'images/singer/T001R300x300M000003Nz2So3XXYek.jpg', '香港', NULL, NULL);
INSERT INTO `singer` VALUES (3, '李荣浩', '国籍：中国\r\n\r\n职业：歌手、音乐制作人\r\n\r\n代表作：《模特》《李白》《作曲家》《喜剧之王》\r\n\r\n出生地：安徽省蚌埠市\r\n\r\n简介：李荣浩，1985年7月11日出生于安徽省蚌埠市，中国流行乐男歌手、音乐制作人、演员、吉他手。\r\n\r\n2013年9月16日，发行首张专辑《模特》，凭借这张专辑提名第25届金曲奖五项大奖并获得最佳新人奖，实现了从制作人到歌手的转型；2014年9月4日签约华纳唱片，发行第二张同名专辑《李荣浩》，并在次年举办8场“天生李荣浩巡回演唱会”。2016年1月22日发行第三张专辑《有理想》，同年举办“有理想世界巡回演唱会”。2018年1月，参加爱奇艺综艺节目《偶像练习生》。\r\n\r\n从艺历程：\"李荣浩从小自学吉他和低音提琴，后师从低音提琴演奏家尹富源教授。\r\n\r\n2004年接受音乐杂志《吉他平方》专访并发表单曲《烦》，同年与乐队合作获得江苏省第五届流行音乐大赛一等奖。\r\n\r\n2005年接受音乐杂志《现代乐手》专访并发表单曲《DREAM》，同年9月担任《我的音乐梦想》系列吉他丛书主编，后正式成为吉他中国乐手。\"\r\n\r\n2005年签约日本艾回唱片，成为其台湾地区独家创作艺人\r\n\r\n2007年，李荣浩赴台湾参与制作信专辑《我就是我》，并担任其“2008我就是我·北京演唱会”的表演嘉宾。\r\n\r\n2008年参与制作赵薇专辑《我们都是大导演》，并担任发布会表演嘉宾；同年担任陈坤专辑《谜&Me》的专辑制作人。\r\n\r\n2010年2月4日，担任陈坤首场演唱会《谜》音乐总监&吉他手。2011年开始担任东申童画《行走的力量》音乐总监\r\n\r\n2013年8月，首度携手好友陈坤演绎全新单曲《演员和歌手》；同年9月17日，发行首张个人专辑《模特》，举办“Hao·Live——《模特》专辑音享会”\r\n\r\n演绎专辑中的6首热门歌曲。\r\n\r\n2014年3月24日，发行概念EP《作曲家》，获王菲力荐，称其为“帅歌”，同月入围MusicRadio中国TOP排行榜年度最受欢迎新人；同年4月，荣获音悦台第二届“音悦v榜”年度最佳音悦人，成为了颁奖典礼中最大黑马；5月参加《全球中文音乐榜上榜》，现场打榜演唱《作曲家》，同月凭借专辑《模特》入围第25届金曲奖最佳国语男歌手奖、最佳新人奖、最佳专辑制作人、最佳国语专辑、最佳作词奖等五项大奖提名，成为最大黑马 ；同年6月一举夺得第二十五届台湾金曲奖最佳新人奖，是内地歌手首次获得台湾金曲奖最佳新人奖的第一人，实现了从制作人到歌手的转型；同年9月4日签约华纳唱片 ，11月28日正式发行第二张同名专辑《李荣浩》 。\r\n\r\n2015年1月16日作为首位踢馆歌手参加《我是歌手第三季》第四期踢馆赛，踢馆失败 。2月19日，推出首张Live翻唱EP《iTunes Session》。4月，为电影《何以笙箫默》演唱主题曲《不将就》。5月30-31日，李荣浩在北京举行的“天生李荣浩演唱会”6月，凭借歌曲《喜剧之王》入围第26届金曲奖最佳作曲人奖。\r\n\r\n2016年1月21日22点在QQ音乐上发行数字专辑《有理想》，该专辑收获亚洲近百张榜单冠军；6月15日，在上海迪士尼开园盛典演唱《心世界》；8月1日，担任Levi\'s大中华区品牌代言人，助力原创音乐人成长计划；9月3日，发布为电影《从你的全世界路过》创作的主题曲《不说》；9月17日，参加上海理想音乐节演出；12月30日，参加浙江卫视跨年演唱会[46] 。\r\n\r\n2017年1月1日，担任国剧盛典表演嘉宾；1月28日，其参演的文艺轻喜剧片《乘风破浪》上映，他在片中饰演反派地产商黄志强，并凭借该角色提名第20届上海电影节亚洲新人奖最佳男演员；2月25日，首次登上红磡体育馆开个唱，容祖儿担任表演嘉宾；4月7日~15日，巡演北美4站分别在多伦多、旧金山、洛杉矶和温哥华举办；6月24日，受邀担任第28届金曲奖颁奖典礼演出嘉宾，致敬两岸三地摇滚经典。9月3日，参加《蒙面唱将猜猜猜第二季》，化身御前侍卫三把刀；9月16日，首次在台北小巨蛋开个唱，杨丞琳担任表演嘉宾；10月21日，担任张杰“我想”世界巡回演唱会厦门站嘉宾；11月17日，发行第四张专辑《嗯》，单曲在数字平台创下10亿次点击量；12月4日，和张靓颖共同演唱《西游记女儿国》电影主题曲《女儿国》；12月9日，在台北举办两场新歌演唱会；12月31日，参加央视跨年晚会。\r\n\r\n2018年1月12日，主演电影《卧底巨星》上映，在片中饰演侦探“铁柱”；1月19日，加盟综艺《偶像练习生》 ，担任常驻音乐导师；4月21日，加盟综艺《无限歌谣季》，担任“无限唱作人”；6月3日，发行为电影《动物世界》创作的片尾曲《成长之重量》。\r\n\r\n荣誉记录：台湾金曲奖\r\n\r\n2015-06-27 第26届 最佳作曲人 喜剧之王 （提名）\r\n\r\n2015-06-27 第26届 最佳作词人 喜剧之王 黄伟文 （提名）\r\n\r\n2014-06-28 第25届 最佳新人奖 《模特》 （获奖）\r\n\r\n2014-06-28 第25届 最佳作词人 模特 周耀辉 （提名）\r\n\r\n2014-06-28 第25届 最佳国语专辑 《模特》 （提名）\r\n\r\n2014-06-28 第25届 最佳专辑制作人 《模特》 （提名）\r\n\r\n2014-06-28 第25届 最佳国语男歌手 《模特》 （提名）\r\n\r\n中华音乐人交流协会\r\n\r\n2015-06-06 2014年度 年度十大单曲 喜剧之王 （获奖）\r\n\r\n2015-06-06 2014年度 年度十大专辑 《李荣浩》 （获奖）\r\n\r\nMusicRadio中国TOP排行榜\r\n\r\n2016-05-07 2015年度 年度最受欢迎男歌手-内地 《有理想》 （提名）\r\n\r\n2015-08-23 2014年度 内地年度最佳男歌手 《李荣浩》 （获奖）\r\n\r\n2015-08-23 2014年度 内地年度最佳制作人 《李荣浩》 （获奖）\r\n\r\n2015-08-23 2014年度 年度金曲 喜剧之王 （获奖）\r\n\r\n2014-04-26 2013年度 年度最受欢迎新人 《模特》 （提名）\r\n\r\n新加坡金曲奖\r\n\r\n2014-11-07 第19届 最佳新人奖 《模特》 （获奖）\r\n\r\n2014-11-07 第19届 内地杰出歌手奖 《模特》 （获奖）\r\n\r\nHito流行音乐奖\r\n\r\n2017-06-04 2017年 年度十大华语歌曲 满座 （获奖）\r\n\r\n2017-06-04 2017年 年度最受欢迎男歌手 《有理想》 （提名）\r\n\r\n2017-06-04 2017年 内地推崇歌手 《有理想》 （获奖）\r\n\r\n2017-06-04 2017年 最佳创作歌手 《有理想》 （获奖）\r\n\r\n2015-05-31 2015年 DJ 最爱专辑 《李荣浩》 （获奖）\r\n\r\n2015-05-31 2015年 最受欢迎男歌手 《李荣浩》 （提名）\r\n\r\n音悦V榜\r\n\r\n2015-04-11 第三届 最佳制作人-内地 《李荣浩》 （获奖）\r\n\r\n2015-04-11 第三届 音悦Tai传媒推荐推荐歌手 《李荣浩》 （获奖）\r\n\r\n2014-04-16 第二届 年度最佳音悦人 《作曲家》 （获奖）\r\n\r\n全球流行音乐金榜\r\n\r\n2017-05-07 第七届 2016年度20大金曲 野生动物 （获奖）\r\n\r\n2017-05-07 第七届 年度最受欢迎男歌手 《有理想》 （提名）\r\n\r\n2017-05-07 第七届 年度最受欢迎创作男歌手 《有理想》 （提名）\r\n\r\n2017-05-07 第七届 年度最受欢迎专辑 《有理想》 （提名）\r\n\r\n2017-05-07 第七届 在榜时间最长单曲 不说 （获奖）\r\n\r\n2016-02-29 第六届 2015年度20大金曲奖 不将就 （获奖）\r\n\r\n2015-05-15 第五届 年度最佳创作歌手 《李荣浩》 （获奖）\r\n\r\n2015-05-15 第五届 年度20大金曲 喜剧之王 （获奖）\r\n\r\n2015-05-15 第五届 MusicRadio音乐之声推崇大奖 《李荣浩》 （获奖）\r\n\r\n华语音乐传媒大奖\r\n\r\n2015-12-17 第16届 年度国语歌曲 喜剧之王 （获奖）\r\n\r\n2015-12-17 第16届 最佳作词人 喜剧之王 黄伟文 （获奖）\r\n\r\n2015-12-17 第16届 最佳国语男歌手 《李荣浩》 （提名）\r\n\r\n2015-12-17 第16届 最佳作曲人 喜剧之王 （提名）\r\n\r\n2015-12-17 第16届 最佳制作人 《李荣浩》 （提名）\r\n\r\n2015-12-17 第16届 年度国语专辑 《李荣浩》 （提名）\r\n\r\n2015-12-17 第16届 百家传媒年度最受瞩目专辑 《李荣浩》 （提名）\r\n\r\n2015-12-17 第16届 百家传媒年度最受瞩目歌曲 （提名）\r\n\r\n华语榜中榜\r\n\r\n2017-04-20 第21届 最佳男歌手（内地） 《有理想》 （获奖）\r\n\r\n2017-04-20 第21届 亚洲影响力最佳演唱会 （获奖）\r\n\r\n2016-04-15 第20届 亚洲影响力年度最佳创作男歌手 《有理想》 （获奖）\r\n\r\n2016-04-15 第20届 榜中榜最佳专辑 《有理想》 （获奖）\r\n\r\n全球华语歌曲排行榜\r\n\r\n2016-10-19 第十六届 地区杰出歌手 《有理想》 （获奖）\r\n\r\n2016-10-19 第十六届 最佳专辑 《有理想》 （获奖）\r\n\r\n2016-10-19 第十六届 年度二十大金曲 满座 （获奖）\r\n\r\n2016-10-19 第十六届 最受欢迎男歌手 《有理想》 （提名）\r\n\r\n2016-10-19 第十六届 最受欢迎创作歌手 《有理想》 （提名）\r\n\r\n2016-10-19 第十六届 年度二十大金曲 有理想 （提名）\r\n\r\n2016-10-19 第十六届 年度二十大金曲 流行歌曲 （提名）\r\n\r\n华语金曲奖\r\n\r\n2017-08-09 2016年度 年度最佳国语男歌手 《有理想》 （提名）\r\n\r\n2017-08-09 2016年度 年度最佳国语专辑 《有理想》 （提名）\r\n\r\n2017-01-26 2016年度 十大华语唱片 《有理想》 （获奖）\r\n\r\n东方风云榜\r\n\r\n2017-03-27 第24届 十大金曲 满座 （获奖）\r\n\r\n蜻蜓FM空中音乐榜\r\n\r\n2016-01-19 2016年 2015年度十大金曲 不将就 （获奖）\r\n\r\nGQ年度人物\r\n\r\n2015-09-15 2015年 年度歌手 （获奖）\r\n\r\n华鼎奖全球音乐满意度调查\r\n\r\n2015-01-08 第14届 年度最受欢迎原创歌手 《李荣浩》 （提名）\r\n\r\n华鼎奖全球演艺名人满意度调查\r\n\r\n2016-03-31 第18届 最佳男歌手 《有理想》 （提名）\r\n\r\nQQ音乐颁奖典礼\r\n\r\n2016-03-23 第三届 最受欢迎内地男歌手 《有理想》 （获奖）\r\n\r\n2016-03-23 第三届 QQ音乐巅峰人气搜索奖 《有理想》 （获奖）\r\n\r\n2015-03-25 第二届 内地最佳国语专辑 《李荣浩》 （获奖）\r\n\r\n2015-03-25 第二届 年度乐坛新势力 《李荣浩》 （获奖）\r\n\r\n酷音乐颁奖典礼\r\n\r\n2015-04-23 2015年 年度最佳推介艺人 《李荣浩》 （获奖）\r\n\r\n2015-04-23 2015年 年度最具潜力唱作人 《李荣浩》 （获奖）\r\n\r\n大学生音乐节\r\n\r\n2015-11-15 2015年度 最佳男歌手 （获奖）\r\n\r\n上海国际电影节\r\n\r\n2017 第20届上海国际电影节之亚洲新人奖最佳男演员奖 乘风破浪 （提名）\r\n\r\nMTV全球华语音乐盛典\r\n\r\n2017-07-20 2017 最佳人气歌手 《有理想》 （获奖）\r\n\r\n2017-07-20 2017 最佳专辑制作人 《有理想》 （获奖）\r\n\r\nCMA唱工委音乐奖\r\n\r\n2017-07-20 第一届 年度歌曲 不将就 （提名）\r\n\r\n2017-07-20 第一届 年度男歌手 《有理想》 （提名）\r\n\r\n2017-07-20 第一届 最佳唱片设计 《有理想》聂永真 （提名）\r\n\r\nMAHB年度先生盛典\r\n\r\n2017-11-22 第14届 年度先生 （获奖）\r\n\r\n腾讯视频星光大赏\r\n\r\n2017-12-04 2017 年度男歌手 （获奖）\r\n\r\n咪咕盛典\r\n\r\n2017-12-16 第11届 年度内地最受欢迎男歌手 《嗯》 （获奖）\r\n\r\n2017-12-16 第11届 年度十大金曲 嗯 （获奖）\r\n\r\n社会生活：2010年9月李荣浩为了给保护动物组织最直接的帮助，为饱受伤害的小动物提供基本的温饱和医疗，李荣浩为流浪狗特别创作了歌曲《小黄》，携手北京市保护小动物协会将这首歌作为保护流浪小动物的指定公益宣传歌曲，力图呼吁和提倡所有有能力的人对这些小动物给以绵薄之力，为流浪小动物募集善款用以支持它们最基本的温饱和绝育手术费用。\r\n\r\n2014年7月，李荣浩出席由周迅工作室主办、恒大音乐承办的“关爱特殊儿童ONE NIGHT公益晚会”，并登台献唱《模特》、《作曲家》、《李白》三首歌曲，希望能够号召所有人用关爱去打开这群特殊的孩子们因种种外界原因而关闭的“心门”，给予他们更多成长的空间，让他们拥有一个美好的未来。', 'images/singer/T001R300x300M000000aHmbL2aPXWH.jpg', '安徽省蚌埠市', NULL, NULL);
INSERT INTO `singer` VALUES (4, '张杰', '外文名：Jason\r\n\r\n国籍：中国\r\n\r\n出生地：四川成都\r\n\r\n职业：歌手\r\n\r\n代表作品：《这，就是爱》、《勿忘心安》、《我们都一样》、《明天过后》\r\n\r\n简介：张杰，1982年12月20日出生于四川成都，毕业于四川师范大学，内地流行男歌手，行星文化（音乐厂牌）创始人。\r\n\r\n2004年获我型我秀全国总冠军出道。2007年参加快乐男声；推出EP《最美的太阳》。2008年推出专辑《明天过后》；担任北京奥运会火炬手。2010年推出专辑《这，就是爱》；担任博鳌亚洲论坛表演嘉宾；获韩国MAMA颁奖礼亚洲之星奖。2012年在人民大会堂开启巡演；作品《风华正茂》获湖南省五个一工程奖。2013年首登央视春晚演唱《给我你的爱》；赴美国伯克利音乐学院进修。2014年献唱南京青奥会主题曲《点亮未来》；获第42届全美音乐奖(AMA)年度国际艺人奖。2016年在北京工人体育场开启张杰我想世界巡回演唱会，为内地首位工人体育场开唱80后歌手；献唱好莱坞《星际迷航3》、《间谍同盟》电影推广曲。2017年在洛杉矶杜比剧院开唱，为首位在奥斯卡杜比剧院开唱内地歌手；献唱好莱坞《变形金刚5》片尾曲《Torches》 和第十三届全运会主题曲《健康赢未来》；入驻重庆杜莎夫人蜡像馆；十月世界巡演登陆米兰、伦敦，为首位在欧洲开唱的内地歌手。\r\n\r\n至今已发行12张唱片，举办41场个人演唱会，获33次“最受欢迎男歌手”和13次“最佳男歌手”奖，达成内地乐坛“最受欢迎男歌手”大满贯，三度献唱好莱坞电影推广曲，三度献唱央视春晚。\r\n\r\n此外，张杰致力于慈善公益事业，2012年创立北斗星空爱心基金，累计创建29间“张杰音乐梦想教室”，获中国儿童慈善奖-突出贡献奖 、位列中国慈善名人榜第22位。\r\n\r\n从艺历程：2004年 张杰参加了上海的“莱卡我型我秀”。历经选拔,凭借着和苟伟合作的原创歌曲《北斗星的爱》，获得了年度总冠军。之后，他成为环球·上腾签约歌手。\r\n\r\n2005年春季 张杰推出了他的首张专辑《第一张》，并凭借成名曲《北斗星的爱》获得全球华语歌曲排行榜最受欢迎新人奖、TVB全球华语歌曲金曲榜最佳男新人金奖等多个奖项。\r\n\r\n2006年 张杰发行第二张专辑《再爱我一回》，并首次涉足影视，担任校园电影《化学反应》主演之一。之后，张杰由于经纪公司高层人事变动事业陷入低谷。\r\n\r\n2007年 张杰参加了《快乐男声》比赛。同年推出EP《最美的太阳》。这张EP共收录了4首歌曲，销量突破10万。\r\n\r\n2008年5月1日 张杰在北京举办首场个人演唱会。同年10月，张杰推出专辑《明天过后》。11月15日，张杰凭借专辑《明天过后》的表现获得第六届特步东南劲爆音乐榜的内地最受欢迎男歌手奖。\r\n\r\n2009年 张杰在Music Radio 中国TOP排行榜、劲歌王、东南劲爆音乐榜接连获得最受欢迎男歌手奖项，《天下》、《明天过后》、《勿忘心安》分获得年度金曲奖；在2009年 的北京流行音乐典礼上，张杰获得11项提名，其歌曲《明天过后》获得年度金曲奖。同年11月2日 张杰发行专辑《穿越三部曲》。\r\n\r\n2010年 张杰推出专辑《这，就是爱》，并开始将“It\'s love 这就是爱”作为一年一度个人生日演唱会品牌。同年11月28日 在澳门举办的韩国M-net亚洲音乐大赏（Mnet Asian Music Awards）上获得“亚洲之星”奖（Best Asian Artist）。\r\n\r\n2011年 他推出专辑《最接近天堂的地方》。\r\n\r\n2012年 发行《One Chance张杰新歌+精选》和《那些和我们打过招呼的爱情》两张专辑。其中《One Chance新歌+精选》和《那些和我们打过招呼的爱情》分别是他的首张精选专辑和首张翻唱专辑。\r\n\r\n2013年 张杰登上了央视春晚舞台。同年6月赴美国伯克利音乐学院进修音乐，游学归国后，11月 张杰第十场个人演唱会“It\'s Love 这就是爱”在广州国际体育演艺中心开唱，12月底推出第十张专辑《爱，不解释》。\r\n\r\n2014年1月17日 张杰作为首位补位歌手受邀参加湖南卫视歌手竞赛类节目《我是歌手》第三期竞演，演唱代表作之一《勿忘心安》获得第三。在第5-7期竟演以《Black Or White》、《我的未来不是梦》、《无情的情书》三首歌连续获得第三之后，第八期以一首改编版的《夜空中最亮的星》夺冠。3月21日 张杰以一曲《你快回来》获突围赛第二晋级半决赛，3月28日 演绎一曲《just the way you are》以半决赛第三进入总决赛 ，在4月4日 的总决赛中进入最终的五强歌王争霸赛。6月 张杰2014“为爱逆战”巡回演唱会启动，首站于2014年9月20日 在首都体育馆举办，首轮巡演共有北京、杭州、南京、武汉、上海、福州、广州、深圳八个城市，张杰亲任巡演艺术总监，并推出个人专属LOGO和乐队【J.ZingStar】 行.星乐团。8月16日 受邀出席南京第二届夏季青年奥林匹克运动会开幕式，与张靓颖、金秀贤（韩）、噶丽娅（俄）三位中外歌手一起压轴演唱青奥会开幕式主题歌《点亮未来》。11月24日 在美国洛杉矶举办的第42届全美音乐奖(AMA)上获得“年度国际艺人奖(International Artist Award)”，是首位获得该奖的华语艺人。12月13日 在第八届无线音乐盛典上获年度最受欢迎内地男歌手和年度最畅销专辑两个奖项。12月17日 张杰演唱的古剑奇谭主题曲《剑心》获得2014国剧盛典“年度观众最喜爱的电视剧歌曲奖”。在华西都市报携手咪咕音乐推出的“2014名人堂·年度音乐”榜上，张杰的《爱，不解释》以1118.4401万的下载量（次）夺得“年度最畅销专辑”榜首。\r\n\r\n2015年2月8日 在2014中国校园文艺榜中榜荣耀盛典上，张杰获“年度最受青少年喜爱的男歌手”，并凭借2014年在公益事业上的贡献和正能量传播，获得了最受期待的“年度榜样艺人”奖。\r\n\r\n2015年3月4日 在中央电视台元宵晚会上，表演歌曲《老婆》。2015年3月加盟由江苏卫视、蓝色火焰、乐动乐听联合打造的国内首档旅途探秘综艺真人秀《前往世界的尽头》加拿大站，前往北极圈边缘完成追逐极光、冰上雪橇比赛等极限任务。3月25日，在2015QQ音乐年度盛典上获内地最受欢迎男歌手、年度最具影响力演唱会两个奖项。3月30日，在第22届东方风云榜音乐盛典上获最佳男歌手、亚洲人气歌手奖、《剑心》获年度十大金曲奖。4月1日起，张杰加盟北京卫视大型音乐竞技真人秀节目《最美和声》第三季，首次出任音乐导师。4月15日，张杰以音乐跨界互联网的方式联合小米发布全新典藏专辑《拾》。4月16日，在第十九届全球华语榜中榜暨亚洲影响力大典上张杰再次蝉联内地最受欢迎男歌手奖，同时，张杰“为爱逆战”巡回演唱会，获得“榜中榜最具人气演唱会”奖。在4月23日举办的酷音乐亚洲盛典上，张杰一人包揽三座奖杯：年度最佳歌手（内地）、年度最佳演唱会、酷音乐亚洲盛典现场人气歌手。5月张杰加盟由江苏卫视联合合宝娱乐推出的户外竞技推理真人秀节目《真心英雄》录制。\r\n\r\n2015年5月-6月，张杰分别为电影《道士下山》、电视剧《盗墓笔记》演唱主题曲和宣传曲。2015年11月6日在新加坡举办的“第十五届全球华语歌曲排行榜颁奖典礼”上,张杰获得四个奖项，包括：“最佳男歌手”、“五大最受欢迎男歌手”，由张杰所演唱的《古剑奇谭》主题曲《剑心》获得“20大金曲奖”，张杰与张靓颖共同演唱的《燕归巢》也获得“最受欢迎对唱金曲奖”。\r\n\r\n2016年2月7日，张杰在央视春节联欢晚会上独唱歌曲《发光时代》。2016年2月由张杰主导策划的“Just For Star”洛杉矶音乐分享会于美国当地时间21日18时在United ArtistsCentre举办，张杰用live音乐分享的方式与海外歌迷共度元宵节，并邀请曾担任MichaelJackson制作人的DavidFoster、小提琴家Lindsey Sterling一同表演。3月28日，在第23届东方风云榜音乐盛典上获“亚洲杰出歌手”、“最佳男歌手”奖，《My Sunshine》获年度十大金曲，与张靓颖合唱的《燕归巢》获动感101年度金曲奖。3月29日，在第二届酷音乐亚洲盛典上再次获得年度最佳歌手（内地）奖，与莫文蔚合唱的《一念之间》获“年度最佳影视歌曲“奖。4月15日，在澳门举办的第二十届全球华语榜中榜暨亚洲影响力大典上获内地最受欢迎男歌手奖，与莫文蔚合唱的歌曲《一念之间》也获得Channel【V】年度电影金曲，此次获得“最受欢迎男歌手”，已是张杰连续第五次获的该奖。4月26日，张杰举行发布会宣布个人厂牌“行星文化”正式成立，并启动“我想”音乐计划。5月9日，张杰2016我想世界巡回演唱会在京启动。7月16日，巡演在北京工人体育场拉开帷幕，张杰成为内地首位在北京工人体育场开唱的80后歌手。8月，作为好莱坞科幻电影《星际迷航3：超越星辰》中国区代言人并献唱中国区主题曲《Lost in the Stars》，并于8月18日远赴圣迭戈参加了电影全球首映礼。8月20日，推出全新概念数字EP黑色勇气《越爱越强》。8月30日，在澳门参加“-国家奥运会金牌运动员联欢会”，并与中国女排运动员共同演唱《年轻的战场》。11月，为好莱坞爱情谍战巨制《间谍同盟》献唱全球推广曲《Give You My World》。\r\n\r\n2017年1月4日，张杰2017“我想”世界巡回演唱会在京启动。1月27日，张杰第三次登上中央电视台春节联欢晚会舞台，与毛阿敏演唱歌曲《满城烟花》，该对唱节目成为晚会收视最高点。2月3日，参加湖南卫视《歌手》竞演。5月7日，张杰登陆洛杉矶杜比剧院开唱，成为首位杜比剧院开唱内地流行歌手。14日张杰登陆温哥华伊丽莎白女王剧院。19日受邀到访纽约地标帝国大厦并登顶大厦103层，张杰成为首位受邀登顶帝国大厦的中国内地流行男歌手。21日巡演登陆美国纽约林肯中心。6月9日，张杰第三次与派拉蒙合作，与美国摇滚乐队X Ambassadors合力献唱好莱坞电影《变形金刚5：最后的骑士》中国片尾曲《Torches》。6月10日，巡演登陆吉隆坡云顶云星剧场。18日在悉尼星港演艺中心火爆开唱 。8月8日，张杰个人首尊蜡像正式入驻重庆杜莎夫人蜡像馆。8月27日，张杰献唱中华人民共和国第十三届运动会主题曲《健康赢未来》。9月21日，施华蔻宣布张杰作为品牌首席创型官。十一黄金周期间，我想世界巡演先后登陆米兰、伦敦，张杰成为首位在欧洲开唱的内地歌手。10月15日，张杰加盟东方卫视《天籁之战》。10月28日，张杰巡演登陆澳门新濠影汇综艺馆。11月，张杰分别参加腾讯全球合作伙伴大会和星空演讲。12月29日，以《三生三世》、《越爱越强》获第十届中国金唱片奖流行类最佳演员奖；现身海航集团2018“不忘初心·牢记使命”迎新演唱会，演唱《这，就是爱》。12月29日，携手LOKEY低调组合乐队合作演唱《FAST》上线；同日，以《三生三世》、《越爱越强》获第十届中国金唱片奖流行类最佳演员奖。\r\n\r\n2018年1月13日，张杰以音乐总监的身份出席QQ飞车十周年盛典之夜，并在现场首唱了其亲自操刀打造的QQ飞车手游漂移主题曲《FAST》。1月18日，张杰作为代言人现身广汽传祺GA4上海发布会，现场唱响为其定制的单曲《爱的传奇》。3月20日，大型音乐竞演类真人秀《创造101》重磅曝光声乐导师信息，张杰确定加盟。3月26日，张杰在第25届《东方风云榜》音乐盛典上囊获了“最佳男歌手”“亚洲全能歌手”“全民选择男歌手”和“十大金曲”四个奖项，成为当晚的最大赢家 。5月3日，张杰2018未·LIVE巡回演唱会发布会于北京鸟巢文化中心举行。7月21日太原、7月28日郑州、8月11日北京鸟巢、9月1日上海、9月8日深圳、10月12、13日成都，6站7场演出行程在发布会上正式对外公布 。5月4日，张杰参加国家品牌计划2018高峰论坛，献唱主题曲《只为美好》。5月20日，发行全新音乐计划《未·LIVE》的首张EP 。\r\n\r\n荣誉记录：全美音乐奖（AMA）\r\n\r\n▪ 2014-11-23 第42届 年度国际艺人 （获奖）\r\n\r\n韩国M-net亚洲音乐大赏（MAMA）\r\n\r\n▪ 2010-11-28 2010年度 亚洲之星 （获奖）\r\n\r\n湖南省精神文明“五个一工程”作品奖\r\n\r\n▪ 2012-12-12 第十一届 湖南省精神文明“五个一工程” 作品奖 《风华正茂》 （获奖）\r\n\r\n中国歌曲排行榜\r\n\r\n▪ 2012-12-29 2012年度 最受欢迎男歌手 （获奖）\r\n\r\n▪ 2012-12-29 2012年度 年度金曲 《One/chance》 （获奖）\r\n\r\n▪ 2012-01-09 2011年度 最受欢迎男歌手 （获奖）\r\n\r\n▪ 2012-01-09 2011年度 年度金曲 《第一夫人》 （获奖）\r\n\r\n▪ 2011-01-17 2010年度 最受欢迎男歌手 （获奖）\r\n\r\n▪ 2011-01-17 2010年度 年度金曲 《这,就是爱》 （获奖）\r\n\r\n▪ 2010-02-05 2009年度 最受欢迎男歌手 （获奖）\r\n\r\n▪ 2010-02-05 2009年度 年度金曲 《看月亮爬上来》 （获奖）\r\n\r\n▪ 2010-01-05 2009年度 第四季度金曲 《看月亮爬上来》 （获奖）\r\n\r\n▪ 2010-01-05 2009年度 第三季度金曲 《勿忘心安》 （获奖）\r\n\r\n▪ 2009-09-21 2009年度 第二季度金曲 《恒星流星》 （获奖）\r\n\r\n▪ 2009-09-21 2009年度 第一季度金曲 《我们都一样》 （获奖）\r\n\r\n▪ 2009-01-12 2008年度 年度金曲 《明天过后》 （获奖）\r\n\r\n▪ 2008-12-15 2008年度 第四季度金曲 《明天过后》 （获奖）\r\n\r\n▪ 2008-05-09 2008年度 第一季度金曲 《最美的太阳》 （获奖）\r\n\r\n中国TOP排行榜\r\n\r\n▪ 2014-04-26 2013年度 最佳男歌手 （获奖）\r\n\r\n▪ 2014-04-26 2013年度 年度最佳金曲 《爱，不解释》 （获奖）\r\n\r\n▪ 2014-04-26 2013年度 最受欢迎唱片 《爱，不解释》 （获奖）\r\n\r\n▪ 2013-04-25 2012年度 最佳男歌手 （获奖）\r\n\r\n▪ 2013-04-25 2012年度 年度金曲 《天空》 （获奖）\r\n\r\n▪ 2013-04-25 2012年度 最佳舞台演绎 （获奖）\r\n\r\n▪ 2012-04-23 2011年度 最受欢迎男歌手 （获奖）\r\n\r\n▪ 2012-04-23 2011年度 年度金曲 《最接近天堂的地方》 （获奖）\r\n\r\n▪ 2012-04-23 2011年度 年度最受欢迎唱片 《最接近天堂的地方》 （获奖）\r\n\r\n▪ 2011-04-24 2010年度 最受欢迎男歌手 （获奖）\r\n\r\n▪ 2011-04-24 2010年度 年度点播冠军 《这,就是爱》 （获奖）\r\n\r\n▪ 2011-04-24 2010年度 年度金曲 《这,就是爱》 （获奖）\r\n\r\n▪ 2010-04-24 2009年度 最受欢迎男歌手 （获奖）\r\n\r\n▪ 2010-04-24 2009年度 年度点播冠军 《穿越人海》 （获奖）\r\n\r\n▪ 2010-04-24 2009年度 年度金曲 《穿越人海》 （获奖）\r\n\r\n▪ 2009-04-26 2008年度 最受欢迎男歌手 （获奖）\r\n\r\n▪ 2009-04-26 2008年度 年度金曲 《天下》 （获奖）\r\n\r\n全球华语榜中榜\r\n\r\n▪ 2016-04-15 第20届 最受欢迎男歌手 （获奖）\r\n\r\n▪ 2016-04-15 第20届 Channel V年度电影金曲 《一念之间》 （获奖）\r\n\r\n▪ 2015-04-16 第19届 最受欢迎男歌手 （获奖）\r\n\r\n▪ 2015-04-16 第19届 榜中榜最具人气演唱会 “为爱逆战”巡回演唱会 （获奖）\r\n\r\n▪ 2014-04-23 第18届 最受欢迎男歌手 （获奖）\r\n\r\n▪ 2014-04-23 第18届 榜中榜最佳音乐录像带 《爱，不解释》 （获奖）\r\n\r\n▪ 2014-04-18 第17届 最受欢迎男歌手 （获奖）\r\n\r\n▪ 2014-04-18 第17届 Channel[V]劲爆歌手奖 （获奖）\r\n\r\n▪ 2014-04-18 第17届 最佳翻唱金曲奖 《天空》 （获奖）\r\n\r\n▪ 2012-04-13 第16届 最受欢迎男歌手 （获奖）\r\n\r\n▪ 2012-04-13 第16届 年度十大金曲 《最接近天堂的地方》 （获奖）\r\n\r\n东方风云榜音乐盛典\r\n\r\n▪ 2017-03-27 第24届 最佳男歌手 （获奖）\r\n\r\n▪ 2017-03-27 第24届 最具影响力演唱会 “我想”世界巡回演唱会 （获奖）\r\n\r\n▪ 2017-03-27 第24届 年度十大金曲 《我想》 （获奖）\r\n\r\n▪ 2016-03-28 第23届 最佳男歌手 （获奖）\r\n\r\n▪ 2016-03-28 第23届 动感101年度金曲 《燕归巢》 （获奖）\r\n\r\n▪ 2016-03-28 第23届 年度十大金曲 《Mysunshine》 （获奖）\r\n\r\n▪ 2016-03-28 第23届 亚洲杰出歌手 （获奖）\r\n\r\n▪ 2015-03-30 第22届 最佳男歌手 （获奖）\r\n\r\n▪ 2015-03-30 第22届 年度十大金曲 《剑心》 （获奖）\r\n\r\n▪ 2014-03-31 第21届 最受欢迎男歌手 （获奖）\r\n\r\n▪ 2014-03-31 第21届 年度十大金曲 《他不懂》 （获奖）\r\n\r\n▪ 2006-03-25 第13届 年度十大金曲 《北斗星的爱》 （获奖）\r\n\r\n城市至尊音乐盛典\r\n\r\n▪ 2017-07-05 第10届 年度20大金曲 《我想》 （获奖）\r\n\r\n▪ 2016-06-11 第09届 年度听众最爱男歌手 （获奖）\r\n\r\n▪ 2016-06-11 第09届 年度听众最爱单曲 《MySunshine》 （获奖）\r\n\r\n▪ 2014-05-22 第07届 年度听众最爱男歌手 （获奖）\r\n\r\n▪ 2014-05-22 第07届 年度听众最爱单曲 《爱，不解释》 （获奖）\r\n\r\n▪ 2014-05-22 第07届 年度20大金曲 《爱，不解释》 （获奖）\r\n\r\n▪ 2013-07-16 第06届 年度听众最爱男歌手 （获奖）\r\n\r\n▪ 2013-07-16 第06届 年度20大金曲 《天空》 （获奖）\r\n\r\n▪ 2011-04-07 第05届 年度20大金曲 《最接近天堂的地方》 （获奖）\r\n\r\n▪ 2011-04-07 第04届 年度空中热播单曲 《这,就是爱》 （获奖）\r\n\r\n▪ 2010-04-07 第03届 年度冠军王 《穿越三部曲》 （获奖）\r\n\r\n▪ 2010-04-07 第03届 年度20大金曲 《看月亮爬上来》 （获奖）\r\n\r\n劲歌王金曲金榜\r\n\r\n▪ 2011-11-18 第08届 最受欢迎男歌手 （获奖）\r\n\r\n▪ 2011-11-18 第08届 最畅销唱片大奖 《这,就是爱》 （获奖）\r\n\r\n▪ 2009-06-19 第06届 杰出青年男歌手 （获奖）\r\n\r\n▪ 2009-06-19 第06届 最受欢迎男歌手 （获奖）\r\n\r\n▪ 2009-06-19 第06届 年度金曲 《明天过后》 （获奖）\r\n\r\n东南劲爆榜颁奖礼\r\n\r\n▪ 2010-12-04 第08届 最受欢迎男歌手 （获奖）\r\n\r\n▪ 2010-12-04 第08届 年度十大金曲 《穿越人海》 （获奖）\r\n\r\n▪ 2009-11-06 第07届 最受欢迎男歌手 （获奖）\r\n\r\n▪ 2009-11-06 第07届 年度十大金曲 《勿忘心安》 （获奖）\r\n\r\n▪ 2008-11-15 第06届 最受欢迎男歌手 （获奖）\r\n\r\n全球华语歌曲排行榜\r\n\r\n▪ 2015-11-06 第15届 最受欢迎男歌手 （获奖）\r\n\r\n▪ 2015-11-06 第15届 最佳男歌手 （获奖）\r\n\r\n▪ 2015-11-06 第15届 最受欢迎对唱金曲 《燕归巢》 （获奖）\r\n\r\n▪ 2015-11-06 第15届 20大金曲 《剑心》 （获奖）\r\n\r\n▪ 2005-09-03 第05届 最受欢迎新人 （获奖）\r\n\r\n无线音乐盛典\r\n\r\n▪ 2014-12-13 第08届 最受欢迎男歌手 （获奖）\r\n\r\n▪ 2014-12-13 第08届 年度最畅销专辑 《爱，不解释》 （获奖）\r\n\r\n▪ 2013-12-07 第07届 最受欢迎男歌手 （获奖）\r\n\r\n▪ 2012-12-08 第06届 年度最畅销抒情金曲 《秋天的童话》 （获奖）\r\n\r\n▪ 2012-12-08 第06届 年度最畅销专辑 《最接近天堂的地方》 （获奖）\r\n\r\n全球流行音乐金榜\r\n\r\n▪ 2016-04-03 第06届 年度最佳电视剧主题曲 《My Sunshine》 （获奖）\r\n\r\n▪ 2014-04-06 第04届 MusicRadio音乐之声年度点播冠军 《爱，不解释》 （获奖）\r\n\r\n▪ 2012-07-06 第02届 年度20大金曲 《最接近天堂的地方》 （获奖）\r\n\r\n▪ 2011-04-09 第01届 MusicRadio音乐之声年度点播冠军 《这,就是爱》 （获奖）\r\n\r\n▪ 2011-04-09 第01届 年度20大金曲 《这,就是爱》 （获奖）\r\n\r\n咪咕音乐盛典\r\n\r\n▪ 2016-12-03 第10届 十年十大金曲奖 《这，就是爱》 （获奖）\r\n\r\n▪ 2012-08-13 第06届 最受欢迎青春励志金曲 《高飞》 （获奖）\r\n\r\n酷音乐亚洲盛典\r\n\r\n▪ 2016-03-29 第02届 最佳男歌手 （获奖）\r\n\r\n▪ 2016-03-29 第02届 年度最佳影视歌曲 《一念之间》 （获奖）\r\n\r\n▪ 2015-04-23 第01届 最佳男歌手 （获奖）\r\n\r\n▪ 2015-04-23 第01届 最佳演唱会 “为爱逆战”巡回演唱会 （获奖）\r\n\r\n香港TVB8金曲奖\r\n\r\n▪ 2010-12-19 第12届 内地观众最爱男歌手 （获奖）\r\n\r\n▪ 2010-12-19 第12届 十大金曲 《看月亮爬上来》 （获奖）\r\n\r\n▪ 2005-12-03 第07届 最佳男新人 （获奖）\r\n\r\n音乐风云榜年度盛典\r\n\r\n▪ 2014-04-13 第14届 最受欢迎男歌手 （获奖）\r\n\r\n▪ 2014-04-13 第14届 年度飞跃歌手 （获奖）\r\n\r\nMTV全球华语音乐盛典\r\n\r\n▪ 2017-07-20 第01届 最佳男歌手 （获奖）\r\n\r\n▪ 2017-07-20 第01届 十大金曲 《三生三世》 （获奖）\r\n\r\nSONY高清杯颁奖典礼\r\n\r\n▪ 2011-07-09 第08届 大型综合节目类一等奖 《这就是爱》创意秀 （获奖）\r\n\r\n百度娱乐沸点\r\n\r\n▪ 2011-01-15 2010年度 最热门内地男歌手 （获奖）\r\n\r\n▪ 2011-01-15 2010年度 最热门内地十大金曲 《这,就是爱》 （获奖）\r\n\r\n▪ 2010-01-31 2009年度 最具人气偶像 （获奖）\r\n\r\n▪ 2009-02-12 2008年度 年度十佳金曲 《明天过后》 （获奖）\r\n\r\nQQ音乐年度盛典\r\n\r\n▪ 2015-03-25 2015年度 最受欢迎男歌手 （获奖）\r\n\r\n▪ 2015-03-25 2015年度 年度最具影响力演唱会 为爱逆战”巡回演唱会 （获奖）\r\n\r\n雪碧中国原创音乐流行榜\r\n\r\n▪ 2012-02-25 2011年度 最受欢迎男歌手 （获奖）\r\n\r\n▪ 2012-02-25 2011年度 至IN彩铃 《火鸟》 （获奖）\r\n\r\n▪ 2012-02-25 2011年度 内地金曲 《火鸟》 （获奖）\r\n\r\n▪ 2011-01-21 2010年度 最受欢迎男歌手 （获奖）\r\n\r\n▪ 2011-01-21 2010年度 年度金曲 《穿越人海》 （获奖）\r\n\r\n音乐先锋榜\r\n\r\n▪ 2010-03-06 2009年度 最受欢迎男歌手 （获奖）\r\n\r\n▪ 2010-03-06 2009年度 最具网络人气男歌手 （获奖）\r\n\r\n▪ 2010-03-06 2009年度 年度先锋金曲 《看月亮爬上来》 （获奖）\r\n\r\n▪ 2006-03-11 2005年度 最受欢迎新人 （获奖）\r\n\r\n微音乐年度音乐榜\r\n\r\n▪ 2015-02-15 2014年度 年度人气流行音乐 《时光十年》 （获奖）\r\n\r\n▪ 2015-02-15 2014年度 年度人气翻唱歌曲 《爱的供养》 （获奖）\r\n\r\n酷狗十年音乐盛典\r\n\r\n▪ 2014-05-22 2014年度 最佳男歌手 （获奖）\r\n\r\n▪ 2014-05-22 2014年度 酷狗十年十大金曲 《这，就是爱》 （获奖）\r\n\r\n▪ 2014-05-22 2014年度 年度最佳专辑 《爱，不解释》 （获奖）\r\n\r\n酷狗音乐大赏\r\n\r\n▪ 2017-01-03 2016年度 最佳男歌手 （获奖）\r\n\r\n马来西亚ONE FM劲爆30排行榜\r\n\r\n▪ 2014-09 2014年度 第二季劲爆王 （获奖）\r\n\r\n▪ 2014-02 2013年度 年度30大金曲 《突然想爱你》 （获奖）\r\n\r\n▪ 2014-02 2013年度 年度十大专辑 《那些和我们打过招呼的爱情》 （获奖）\r\n\r\nBQ红人榜颁奖盛典\r\n\r\n▪ 2008-12-22 2008年度 年度专辑 《明天过后》 （获奖）\r\n\r\n无锡七彩华语歌曲排行榜\r\n\r\n▪ 2006-03-05 第10届 最受欢迎新人奖 （获奖）\r\n\r\n社会荣誉\r\n\r\n▪ 2016-12-25 2016移动视频风云盛典 年度公益榜样 （获奖）\r\n\r\n▪ 2015-01-26 环球风尚“年度十大风尚榜样奖” 张杰音乐梦想教室 （获奖）\r\n\r\n▪ 2013-05-19 2013中国慈善名人榜第22位 （获奖）\r\n\r\n▪ 2012-12-29 2012年度青春励志人物百名候选名单提名 （提名）\r\n\r\n▪ 2012-12-09 中国儿童慈善奖-突出贡献奖 （获奖）\r\n\r\n▪ 2012-05-27 嫣然之星 （获奖）\r\n\r\n▪ 2012-03-01 列位第7,在少年儿童偶像中排名第3 （获奖）\r\n\r\n▪ 2011-09-28 “奋进新都”十大影响力人物 （获奖）\r\n\r\n▪ 2011-08-07 第26届世界大学生运动会城市火炬传递深圳站70号火炬手 （获奖）\r\n\r\n▪ 2011-05-02 中国十大网络杰出青年 （获奖）\r\n\r\n▪ 2011-01-07 新繁棕编形象大使 （获奖）\r\n\r\n▪ 2010 中国扶贫基金会“全民公益爱心个人” （获奖）\r\n\r\n▪ 2010 亚洲博鳌论坛亚洲娱乐圈代表歌手 （获奖）\r\n\r\n▪ 2010 成都“城市名片” （获奖）\r\n\r\n▪ 2008 传播百年奥运精神爱心行动 最具慈善精神新人奖 （获奖）\r\n\r\n商业星力量巅峰人物年度盛典\r\n\r\n▪ 2017 年度实力音乐人 （获奖）\r\n\r\n今日头条\r\n\r\n▪ 2017-12-17 年度人气歌手 （获奖）\r\n\r\n爱奇艺尖叫之夜\r\n\r\n▪ 2017-12-02 年度全能歌手 （获奖）\r\n\r\n中国金唱片奖\r\n\r\n▪ 2017-12-29 第十届 获流行类最佳演员奖 《三生三世》、《越爱越强》 （获奖', 'images/singer/T001R300x300M000002azErJ0UcDN6.jpg', '四川成都', NULL, NULL);
INSERT INTO `singer` VALUES (5, '薛之谦', '外文名：Joker\r\n\r\n国籍：中国\r\n\r\n出生地：上海\r\n\r\n职业：歌手、演员、主持人\r\n\r\n代表作品：《认真的雪》《演员》《丑八怪》《绅士》\r\n\r\n简介：薛之谦，1983年7月17日出生于上海市，中国内地男歌手。\r\n\r\n2006年6月9日，薛之谦发行首张个人原创同名专辑《薛之谦》；2007年在中国原创音乐流行榜上凭借《认真的雪》获得内地金曲奖；2008年11月26日发行第三张个人原创专辑《深深爱过你》；12月20日举行首场演唱会“谦年传说”；2012年7月17日发行专辑《几个薛之谦》。2013年11月发行专辑《意外》。\r\n\r\n2015年4月1日，薛之谦主演《男人帮·朋友》预告片发布；6月10日正式签约海蝶音乐公司，升为制作人并发行原创EP《绅士》[9] ；同年，他还主演都市励志剧《妈妈像花儿一样》[10] 。2016年，凭借EP《绅士》、《一半》获得第16届全球华语歌曲排行榜最受欢迎男歌手、五大最受欢迎男歌手奖、上海地区杰出歌手奖及最受欢迎创作歌手奖，而歌曲《初学者》则获得年度二十大金曲奖。2017年4月，开启“我好像在哪见过你”全国巡回演唱会；同年，薛之谦获得第7届全球流行音乐年度盛典年度最佳男歌手及MusicRadio榜中国TOP排行榜内地最佳男歌手。\r\n\r\n从艺历程：2005年，薛之谦因参加选秀节目《我型我秀》获得四强而正式出道；同年9月，签约上腾娱乐 。\r\n\r\n2006年6月12日薛之谦发行首张个人原创同名专辑《薛之谦》，他个人包揽了六首曲和五首词的创作，最后的一曲《认真的雪》记录了他第一次深刻的感情经历。\r\n\r\n2007年7月31日发行第二张个人原创专辑《你过得好吗》。\r\n\r\n2008年3月29日在上海大舞台举行的第十五届东方风云榜颁奖盛典献唱《你过得好吗》；7月推出个人单曲《传说》；11月26日发行第三张个人原创专辑《深深爱过你》；12月20日举行首场演唱会“谦年传说”。\r\n\r\n2009年9月21日推出单曲《未完成的歌》，这是薛之谦逾一年的创作，迟迟没有发表是因为一直没有很好的词来配合这首曲，所以他一直等到能让他觉得感动的歌词。\r\n\r\n2011年3月14日推出单曲《我终于成了别人的女人》，这首歌曲的编曲由音乐人常石磊编写，音乐录影带由周杰伦的御用导演珍妮花拍摄。\r\n\r\n2012年7月17日发行专辑《几个薛之谦》，这张专辑筹备期长达两年半，其间，薛之谦陆续发行《我终于成了别人的女人》《伏笔》《几个你》等多首单曲。\r\n\r\n2013年11月发行专辑《意外》，在专辑录制过程中，薛之谦赴新西兰做宣传时赶上入住酒店突发火灾，在泰国拍摄MV时又遭遇车祸；12月，薛之谦在浙江卫视的《我爱记歌词》节目中“金曲K歌王”环节演唱那英的《征服》。\r\n\r\n2015年06月08日全创作EP《绅士》正式在线发布，主打歌《演员》曝MV，6月10日在京举行薛之谦《绅士》全亚洲发布会。10月26日薛之谦全新EP同名主打歌《一半》MV正式发布，展现爱之痛。 2015年11月19日薛之谦专辑新曲《Stay Here》MV首发，纪念自己曾经的倔强和已逝去的爱情。同年搭档朴海镇、张亮参演电视剧《男人帮·朋友》。\r\n\r\n2016年2月16日薛之谦以固定嘉宾加盟综艺节目《谁是大歌神》。2016年3月薛之谦在酷音乐亚洲盛典颁奖典礼上斩获二个大奖，歌曲《演员》1年播放量目前为止高达将近4亿，并凭借《演员》，《一半》等歌曲获得多个奖项。 5月17日发行全新EP《初学者》，6月1日MV上线，这首歌是薛之谦独自包揽词曲，此次再度与金曲奖最佳音乐录像带奖得主黄中平导演合作拍MV。薛之谦一改深情动人的情歌风格，加入摇滚风充满了征战与挑衅的意味，让人听得热血淋漓，大呼过瘾！6月4日，作为固定嘉宾加盟职业体验真人秀《挑战者联盟第二季》；6月7日，发行原创单曲《刚刚好》；随后，还推出个人原创单曲《我好像在哪见过你》，该曲成为魔幻动画片《精灵王座》的主题曲；30日，薛之谦作为中方艺人加入亚洲首档中韩人气偶像歌艺秀《作战吧偶像》；7月2日，加盟儿童歌唱类节目《中国新声代第四季》；7月17日，他在北京举办“初学者”免费演唱会；9月5日，与TFBOYS共同主演的青春励志成长校园剧《我们的少年时代》开机，其在剧中饰演废柴教师陶西；10月19日，薛之谦获得第十六届全球华语歌曲排行榜最受欢迎男歌手、五大最受欢迎男歌手奖、上海地区杰出歌手奖及最受欢迎创作歌手奖，而歌曲《初学者》则获得年度二十大金曲奖；11月9日，音乐爱情题材电影《音乐江湖》上映，他在片中饰演性格内向、对音乐执着的学生陈浩，并配唱主题曲《我们爱过就好》；28日，推出单曲《火星人来过》；12月10日，歌曲《初学者》再次获得音乐先锋榜年度最佳原创歌曲奖；18日，加盟户外明星挑战类真人秀节目《我们的挑战》。\r\n\r\n2017年1月31日，单曲《初学者》获得Billboard Radio China2016年度华语十大金曲奖 ；3月17日，发行单曲《高尚》；4月1日，其零片酬出演的喜剧电影《有完没完》上映，他在片中饰演痴情轻生男和平；随后，他还与杨幂、华晨宇一起担任首席星推官，参与偶像养成类娱乐选秀节目《明日之子》；4月8日，加盟音乐竞技综艺节目《金曲捞》；4月22日，“我好像在哪见过你”全国巡回演唱会首站在大连开启 ；5月7日，薛之谦获得第7届全球流行音乐年度盛典年度最佳男歌手，专辑《初学者》亦获得年度最受欢迎专辑奖，而专辑同名歌曲《初学者》则获得年度二十大金曲；6月20日，以歌手的蜡像造型成为上海杜莎夫人蜡像馆首位进驻杜莎音乐梦工厂的艺人；随后，他还获得MusicRadio榜中国TOP排行榜内地最佳男歌手；7月9日，与TFBOYS共同主演的青春励志成长校园剧《我们的少年时代》首播，薛之谦在剧中饰演废柴教师陶西 ；7月19日，获得亚洲金曲大赏年度内地最佳男歌手和现场人气王两个奖项；8月27日，薛之谦获得亚洲新歌榜最佳男歌手，同时《初学者》也获得最佳专辑奖 。11月28日，薛之谦发行专辑《渡》。\r\n\r\n荣誉记录：东方风云榜\r\n\r\n▪ 2018 第二十五届 十大金曲 《暧昧》 （获奖）\r\n\r\n▪ 2016 第二十三届 十大金曲 《一半》 （获奖）\r\n\r\n▪ 2014 第二十一届 最佳唱作人 （获奖）\r\n\r\n▪ 2014 第二十一届 十大金曲 《意外》 （获奖）\r\n\r\n▪ 2013 第二十届 最具突破创作歌手 （获奖）\r\n\r\n▪ 2013 第二十届 二十年至尊金曲 《认真的雪》 （获奖）\r\n\r\n▪ 2012 第十九届 年度对唱歌曲 《我们爱过就好》 （获奖）\r\n\r\n▪ 2012 第十九届 十大金曲 《我终于成了别人的女人》 （获奖）\r\n\r\n▪ 2010 第十七届 最佳年度飞跃 （获奖）\r\n\r\n▪ 2009 第十六届 最佳舞台演绎奖 （获奖）\r\n\r\n▪ 2008 第十五届 本地最受欢迎歌手 （获奖）\r\n\r\n▪ 2007 第十四届 十大金曲 《认真的雪》 （获奖）\r\n\r\n▪ 2006 第十三届 新人奖银奖 （获奖）\r\n\r\n百事风云榜颁奖盛典\r\n\r\n▪ 2006 内地最受欢迎男歌手五强 （获奖）\r\n\r\n雪碧中国原创音乐流行榜\r\n\r\n▪ 2008 第七届 最具潜质歌手奖 《你过得好吗》 （获奖）\r\n\r\n▪ 2008 第七届 最具潜质歌手大奖 （获奖）\r\n\r\n▪ 2007 第六届 飞跃表现奖 （获奖）\r\n\r\n▪ 2007 第六届 内地金曲 《认真的雪》 （获奖）\r\n\r\n▪ 2006 第五届 新人奖 （获奖）\r\n\r\n全球华语歌曲排行榜\r\n\r\n▪ 2013 第十三届 地区杰出歌手 上海：薛之谦 （获奖）\r\n\r\n▪ 2011 第十一届 地区杰出歌手 上海：薛之谦 （获奖）\r\n\r\n▪ 2011 第十一届 年度二十大金曲 《我终于成了别人的女人》 （获奖）\r\n\r\n▪ 2009 第九届 年度金曲奖 深深爱过你 （获奖）\r\n\r\n▪ 2006 第六届 最受欢迎男新人奖 （获奖）\r\n\r\n中国风尚大典\r\n\r\n▪ 2006 内地风尚新人奖 （获奖）\r\n\r\n第四届特步东南劲爆音乐榜颁奖典礼\r\n\r\n▪ 2006 内地劲爆最受欢迎男歌手奖 （获奖）\r\n\r\n星光大典\r\n\r\n▪ 2006 最具人气偶像奖 （获奖）\r\n\r\n天地英雄校园群英会\r\n\r\n▪ 2006 天地英雄新人奖 （获奖）\r\n\r\n雪碧中国原创音乐流行榜\r\n\r\n▪ 2007 飞跃表现奖 （获奖）\r\n\r\n华语榜中榜颁奖礼\r\n\r\n▪ 2016 第二十届 榜中榜最受欢迎唱作歌手 （获奖）\r\n\r\n▪ 2007 第十三届 传媒推荐奖 （获奖）\r\n\r\nMusic Radio中国TOP排行榜\r\n\r\n▪ 2017 内地最佳男歌手 （获奖）\r\n\r\n▪ 2016 年度最佳男歌手 （获奖）\r\n\r\n▪ 2016 2015年年度金曲 《演员》 （获奖）\r\n\r\n▪ 2014 年度传媒推荐男歌手 （获奖）\r\n\r\n▪ 2014 年度最佳金曲 《丑八怪》 （获奖）\r\n\r\n▪ 2013 MusicRadio音乐之声推荐唱片内地 《几个薛之谦》 （获奖）\r\n\r\n▪ 2013 内地最受欢迎男歌手 （提名）\r\n\r\n▪ 2013 内地年度传媒推荐男歌手 （提名）\r\n\r\n▪ 2009 内地最受欢迎男歌手 《你过得好吗》 （获奖）\r\n\r\n▪ 2009 年度最佳舞台演绎奖 （获奖）\r\n\r\n▪ 2009 内地最受欢迎男歌手 （提名）\r\n\r\n▪ 2009 内地最佳男歌手 （提名）\r\n\r\n▪ 2009 内地最佳舞台演绎歌手 （提名）\r\n\r\n▪ 2008 内地年度最受欢迎男歌手 （获奖）\r\n\r\n▪ 2008 内地年度金曲 《你过得好吗》 （获奖）\r\n\r\n▪ 2007 内地校园人气大奖 薛之谦同名专辑 （获奖）\r\n\r\n无线音乐盛典\r\n\r\n▪ 2008 第二届 无线音乐最具潜力创作偶像 （获奖）\r\n\r\n北京流行音乐典礼\r\n\r\n▪ 2009 年度金曲奖 深深爱过你 （获奖）\r\n\r\n▪ 2008 20大金曲 （获奖）\r\n\r\n中国原创歌曲榜颁奖礼\r\n\r\n▪ 2009 内地最佳舞台表现奖 （获奖）\r\n\r\n▪ 2009 最佳专辑奖 深深爱过你 （获奖）\r\n\r\nCCTV风云音乐\r\n\r\n▪ 2010 媒体推荐创新实力歌手奖 （获奖）\r\n\r\n▪ 2010 年度网络最受欢迎金曲奖 （获奖）\r\n\r\n全球中文音乐榜上榜\r\n\r\n▪2015 全球中文音乐榜上榜冠军歌曲 《演员》 （获奖）\r\n\r\n酷音乐亚洲盛典\r\n\r\n▪ 2016 年度电视音乐金曲艺人 （获奖）\r\n\r\n▪ 2016 年度最受欢迎创作人 （获奖）\r\n\r\n音悦v榜\r\n\r\n▪ 2016 第四届 年度全能艺人 （获奖）\r\n\r\n▪ 2016 第四届 年度风向艺人 （获奖）\r\n\r\n▪ 2014 第二届 内地年度创作歌手 （获奖）\r\n\r\n全球流行音乐金榜\r\n\r\n▪ 2017-5-7 第7届 全球流行音乐年度盛典年度最佳男歌手 （获奖）\r\n\r\n▪ 2017-05-07 第7届 全球流行音乐年度盛典年年度最受欢迎专辑 初学者 （获奖）\r\n\r\n▪ 2017-05-07 第7届 全球流行音乐年度盛典年年度二十大金曲 初学者 （获奖）\r\n\r\n亚洲金曲大赏\r\n\r\n▪ 2017-07-19 亚洲金曲大赏内地最佳男歌手 （获奖）\r\n\r\n▪ 2017-07-19 亚洲金曲大赏现场人气王 （获奖）\r\n\r\n亚洲新歌榜\r\n\r\n▪ 2017-08-27 年度最佳男歌手 （获奖）\r\n\r\n▪ 2017-08-27 年度最佳专辑 初学者 （获奖）\r\n\r\n社会活动：2007年，薛之谦作为流行音乐的代表,和其他艺术家一起前往俄罗斯，参加由中华人民共和国文化部和俄罗斯联邦文化电影署联合举办的中国文化节重点项目”沿伏尔加河友谊之旅”，在沿河11个城市作访问演出。\r\n\r\n2008年，薛之谦当选火炬手，在河南省郑州市传递火炬。\r\n\r\n2013年6月2日参加玫琳凯LOVE.自然.KISS环保时尚音乐会。\r\n\r\n2016年3月18日薛之谦暖心支持公益，关爱留守儿童。2016年7月，作为“援甘”成员加入韩红发起“韩红爱心，百人援助”的大型慈善公益活动，他不仅默默向此次慈善公益活动捐赠资金，还在韩红的邀请下现身最前线；8月13日，被聘请为“爱飞翔·乡村教育项目”的首席梦想官，并参加第十届“爱飞翔·乡村教育项目”之乡村教师培训公益活动 。\r\n\r\n2017年6月，薛之谦与周迅参加“ONE NIGHT给小孩”公益探访来到上海某学校，在世界羽毛球冠军、国际特殊奥林匹克东亚区羽毛球讲师卢兰的介绍下，深入了解智力障碍儿童群体的日常学习和生活并进行亲切互动，他还希望以后能用行动的力量更深入的帮助这些孩子们；7月20日，薛之谦以“世界和平”造型入驻重庆杜莎夫人蜡像馆，揭幕活动现场他携手重庆杜莎为6名山城贫困学子送上“高考圆梦”资助公益行动，帮助这些孩子顺利完成大学学业。', 'images/singer/T001R300x300M000002J4UUk29y8BY.jpg', '上海', NULL, NULL);

-- ----------------------------
-- Table structure for song
-- ----------------------------
DROP TABLE IF EXISTS `song`;
CREATE TABLE `song`  (
  `song_id` int(20) NOT NULL AUTO_INCREMENT COMMENT '歌曲编号',
  `song_name` varchar(200) CHARACTER SET utf8 COLLATE utf8_general_ci NOT NULL COMMENT '歌曲名称',
  `song_songfile` varchar(200) CHARACTER SET utf8 COLLATE utf8_general_ci NOT NULL COMMENT '歌曲文件路径',
  `song_wordsfile` varchar(200) CHARACTER SET utf8 COLLATE utf8_general_ci NOT NULL COMMENT '歌词文件路径',
  `song_state` int(5) NULL DEFAULT 0 COMMENT '歌曲状态',
  `song_pricture` varchar(200) CHARACTER SET utf8 COLLATE utf8_general_ci NULL DEFAULT NULL COMMENT '歌曲图片路径',
  `song_vip` int(5) NULL DEFAULT 0 COMMENT 'vip专属歌曲',
  `singer_id` int(20) NOT NULL COMMENT '歌手编号',
  `songtype_id` int(20) NOT NULL COMMENT '歌曲类型编号',
  `mv_id` int(20) NULL DEFAULT NULL COMMENT 'mv编号',
  `special_id` int(20) NULL DEFAULT NULL COMMENT '专辑编号',
  `song_rsrv1` varchar(200) CHARACTER SET utf8 COLLATE utf8_general_ci NULL DEFAULT NULL COMMENT '备用字段',
  `song_rsrv2` varchar(200) CHARACTER SET utf8 COLLATE utf8_general_ci NULL DEFAULT NULL COMMENT '备用字段',
  PRIMARY KEY (`song_id`) USING BTREE
) ENGINE = InnoDB AUTO_INCREMENT = 10 CHARACTER SET = utf8 COLLATE = utf8_general_ci ROW_FORMAT = Compact;

-- ----------------------------
-- Records of song
-- ----------------------------
INSERT INTO `song` VALUES (1, '三生三世', 'music/张杰 - 三生三世.mp3', 'lyrics/张杰 - 三生三世.lrc', 0, 'images/song/t010886e90b416fa090.jpg', 1, 4, 0, NULL, NULL, NULL, NULL);
INSERT INTO `song` VALUES (2, '他不懂 (Live)', 'music/张杰 - 他不懂 (Live).mp3', 'lyrics/张杰 - 他不懂 (Live).lrc', 0, 'images/song/t01115c0891d07828d0.jpg', 1, 4, 1, NULL, 1, NULL, NULL);
INSERT INTO `song` VALUES (3, '只要平凡', 'music/张杰 _ 张碧晨 - 只要平凡.mp3', 'lyrics/张杰 _ 张碧晨 - 只要平凡.lrc', 0, 'images/song/t017c5c329615e0cb8f.jpg', 0, 4, 0, NULL, NULL, NULL, NULL);
INSERT INTO `song` VALUES (4, '听', 'music/张杰 - 听.mp3', 'lyrics/张杰 - 听.lrc', 0, 'images/song/t01a110d80afe2f5108.jpg', 0, 4, 0, NULL, 1, NULL, NULL);
INSERT INTO `song` VALUES (5, '戒烟 (Live)', 'music/李荣浩 _ 朱正廷 _ 陈立农 _ 尤长靖 _ 灵超 _ 木子洋 _ 杨非同 _ 陆定昊 - 戒烟 (Live).mp3', 'lyrics/李荣浩 _ 朱正廷 _ 陈立农 _ 尤长靖 _ 灵超 _ 木子洋 _ 杨非同 _ 陆定昊 - 戒烟 (Live).lrc', 0, 'images/song/2337BD923D97A5000D4EEA6038BDFD0C.png', 0, 3, 0, NULL, NULL, NULL, NULL);
INSERT INTO `song` VALUES (7, '刚刚好', 'music/薛之谦 - 刚刚好.mp3', 'lyrics/薛之谦 - 刚刚好.lrc', 0, 'images/song/T002R300x300M000000dcZ9I1nzO62.jpg', 0, 5, 0, NULL, NULL, NULL, NULL);
INSERT INTO `song` VALUES (8, '女儿国', 'music/张靓颖 _ 李荣浩 - 女儿国.mp3', 'lyrics/张靓颖 _ 李荣浩 - 女儿国.lrc', 0, 'images/song/T002R300x300M000004Rs5Fb0Zn5OG.jpg', 0, 3, 0, NULL, 2, NULL, NULL);
INSERT INTO `song` VALUES (9, '稳稳的幸福', 'music/陈奕迅 - 稳稳的幸福.mp3', 'lyrics/陈奕迅 - 稳稳的幸福.lrc', 0, 'images/song/T002R300x300M000004fJfR91RAkCt.jpg', 0, 1, 0, NULL, NULL, NULL, NULL);

-- ----------------------------
-- Table structure for songlist
-- ----------------------------
DROP TABLE IF EXISTS `songlist`;
CREATE TABLE `songlist`  (
  `songlist_id` int(20) NOT NULL AUTO_INCREMENT COMMENT '歌单编号',
  `songlist_name` varchar(20) CHARACTER SET utf8 COLLATE utf8_general_ci NOT NULL COMMENT '歌单名称',
  `songlist_priture` varchar(200) CHARACTER SET utf8 COLLATE utf8_general_ci NULL DEFAULT NULL COMMENT '歌单图片路径',
  `songlist_sketch` text CHARACTER SET utf8 COLLATE utf8_general_ci NULL COMMENT '歌单简介',
  `user_id` int(20) NOT NULL COMMENT '用户编号',
  `songlist_rsrv1` varchar(200) CHARACTER SET utf8 COLLATE utf8_general_ci NULL DEFAULT NULL COMMENT '备用字段',
  `songlist_rsrv2` varchar(200) CHARACTER SET utf8 COLLATE utf8_general_ci NULL DEFAULT NULL COMMENT '备用字段',
  PRIMARY KEY (`songlist_id`) USING BTREE
) ENGINE = InnoDB AUTO_INCREMENT = 8 CHARACTER SET = utf8 COLLATE = utf8_general_ci ROW_FORMAT = Compact;

-- ----------------------------
-- Records of songlist
-- ----------------------------
INSERT INTO `songlist` VALUES (1, '我喜欢的音乐', NULL, NULL, 1, NULL, NULL);
INSERT INTO `songlist` VALUES (2, '流行风', NULL, NULL, 1, NULL, NULL);
INSERT INTO `songlist` VALUES (4, '哈哈哈', NULL, NULL, 1, NULL, NULL);
INSERT INTO `songlist` VALUES (5, '我喜欢的音乐', NULL, NULL, 17, NULL, NULL);
INSERT INTO `songlist` VALUES (6, '我喜爱的', NULL, NULL, 17, NULL, NULL);
INSERT INTO `songlist` VALUES (7, '111', NULL, NULL, 1, NULL, NULL);

-- ----------------------------
-- Table structure for songtype
-- ----------------------------
DROP TABLE IF EXISTS `songtype`;
CREATE TABLE `songtype`  (
  `songtype_id` int(20) NOT NULL AUTO_INCREMENT COMMENT '歌曲类型编号',
  `songtype_name` varchar(20) CHARACTER SET utf8 COLLATE utf8_general_ci NOT NULL COMMENT '歌曲类型名称',
  `songtype_rsrv1` varchar(200) CHARACTER SET utf8 COLLATE utf8_general_ci NULL DEFAULT NULL COMMENT '备用字段',
  `songtype_rsrv2` varchar(200) CHARACTER SET utf8 COLLATE utf8_general_ci NULL DEFAULT NULL COMMENT '备用字段',
  PRIMARY KEY (`songtype_id`) USING BTREE
) ENGINE = InnoDB AUTO_INCREMENT = 4 CHARACTER SET = utf8 COLLATE = utf8_general_ci ROW_FORMAT = Compact;

-- ----------------------------
-- Records of songtype
-- ----------------------------
INSERT INTO `songtype` VALUES (1, '流行', NULL, NULL);
INSERT INTO `songtype` VALUES (2, '摇滚', NULL, NULL);
INSERT INTO `songtype` VALUES (3, '民谣', NULL, NULL);

-- ----------------------------
-- Table structure for special
-- ----------------------------
DROP TABLE IF EXISTS `special`;
CREATE TABLE `special`  (
  `special_id` int(20) NOT NULL AUTO_INCREMENT COMMENT '专辑编号',
  `special_name` varchar(20) CHARACTER SET utf8 COLLATE utf8_general_ci NOT NULL COMMENT '专辑名称',
  `special_sketch` text CHARACTER SET utf8 COLLATE utf8_general_ci NULL COMMENT '专辑简介',
  `special_pricture` varchar(200) CHARACTER SET utf8 COLLATE utf8_general_ci NULL DEFAULT NULL COMMENT '专辑图片路径',
  `singer_id` int(20) NOT NULL COMMENT '歌手编号',
  `special_rsrv1` varchar(200) CHARACTER SET utf8 COLLATE utf8_general_ci NULL DEFAULT NULL COMMENT '备用字段',
  `special_rsrv2` varchar(200) CHARACTER SET utf8 COLLATE utf8_general_ci NULL DEFAULT NULL COMMENT '备用字段',
  PRIMARY KEY (`special_id`) USING BTREE
) ENGINE = InnoDB AUTO_INCREMENT = 3 CHARACTER SET = utf8 COLLATE = utf8_general_ci ROW_FORMAT = Compact;

-- ----------------------------
-- Records of special
-- ----------------------------
INSERT INTO `special` VALUES (1, '第一张', '环球双星张杰VS许慧欣2005最纯正情歌缔造《爱的奇迹》跨年度再造，夺冠原创曲目《北斗星的爱》一段用心演绎的爱之宣言《你是所有》！\r\n\r\n⊙张杰，明日“北斗”新星\r\n\r\n张杰，21岁初入歌坛。在2004年由环球唱片、SMG以及莱卡品牌联合主办的“莱卡 我型我SHOW”全国偶像歌手大赛中，以一首原创歌曲《北斗星的爱》于近万名选手中崭露头角，赢得总冠军，并签约了由环球唱片与SMG合资成立的上腾娱乐公司，成为三方在国内力捧的第一人。\r\n\r\n而在录制全新专辑《第一张》时，张杰更被制作人陈耀川盛赞为：“可能是内地最好的歌手。他的嗓音非常具有特质，穿透力很强，辩识度也很高。同时，也具备了一个学生歌手的特质，青春、朴实而真诚。”\r\n\r\n张杰以他的实力与努力，让我们看到了他这颗“北斗”新星正冉冉升起，让我们知道，造星时代，有梦想就可以飞！\r\n\r\n⊙《第一张》要造就“第一张”\r\n\r\n张杰的全新专辑《第一张》是张杰的第一张专辑，这张专辑记录了他与很多知名音乐制作人的第一次合作，他曾是2004“我型我SHOW”全国歌手大赛的第一名，更因之成为上腾娱乐在内地首捧的第一人，而通过这张专辑，张杰更希望自己能成为大众心目中的第一，故该专辑被命名为《第一张》。\r\n\r\n如今，张杰的全新专辑《第一张》终于浮出水面。这张专辑由资深制作人陈耀川担任监制，著名音乐人周传雄(小刚)、环球小天后许慧欣也在这张专辑以不同的形式给予他大力的支持，使得大家更加期盼这张专辑的出炉。\r\n\r\n《第一张》的主打曲目《北斗星的爱》在初次演唱时已赢得了张学友、瘐澄庆包括环球唱片高层等多位著名音乐前辈的一致好评，收录入专辑后更做了进一步的处理和改进，并被知名音乐制作人陈耀川誉为“一首珍贵的作品”。它向人们讲述了一个处在懵懂期的青涩男孩对爱情以及未来的全部憧憬与渴望。其优美动人而又跌宕起伏的旋律、高亢且极富特色的演唱，成就了这首完美无缺的作品。\r\n\r\n细听这首“北斗星的爱”，如大海般深蓝的颜色随着音乐在四周弥漫，仿佛与人身处宁静的夜空中，仰望那温暖明亮的北斗星，所感受到的一份安心与放松。凭借着如此美幻的意境，这首作品非常轻易就抓住了听者的心。\r\n\r\n⊙众所瞩目“第一张” 亚洲全阵营推荐\r\n\r\n早在《第一张》还未出炉之际，张杰就已挟2004“我型我SHOW”总冠军之势赢得众多青睐，成为超人气歌手。而他在香港演出时的优秀表现和市场的热烈反应，更令环球音乐亚太高层决定在亚太地区(新、马、港、台等地)同步发行他的新专辑。\r\n\r\n环球唱片东南亚总裁许智伟先生、中国香港地区董事总经理洪迪先生、SMG副总裁杨荇农先生、天凯唱片董事长马崇雁先生以及上腾娱乐总经理蔡志行小姐的悉数出席，更有力捧张杰成为2005年度最受关注新人的决心。\r\n\r\n一首“北斗星的爱”，让张杰实现了他的音乐梦想；一首“北斗星的爱”，也让我们从侧面了解了一颗隐藏在阳光、快乐的表面下的勇敢却敏感的心。让我们一起来用心感受、用心聆听，这来自张杰内心的声音！ 《第一张》无论是公司的支持，还是市场的热烈反响和张杰本身不俗的实力，都可以让我们看到这第一颗“北斗”新星的闪亮指日可待！\r\n\r\n⊙幸运新星张杰初露锋茫即大受欢迎\r\n\r\n张杰，这颗刚刚浮出水面的新星是个幸运儿，初次露脸就荣登莱卡风尚大典和环球香港十周年庆典，携手出场的是著名玉女歌手许慧欣。尤其在香港环球十周年演唱会上，面对台下近万名的观众，张杰得到了与众多环球前辈们同台演出的机会，并得到了知名前辈艺人张学友、谭咏麟对他的鼓励和支持。演唱完毕，台下掌声四起，观众反响的热烈程度让张杰感动得热泪盈眶。\r\n\r\n在香港演出之余，张杰参加了Annual Partey，与谭咏麟、张学友、黄家强、刀郎、余文乐等明星共聚一堂，让张杰庆幸自己加入了一个温馨和睦的团队；环球高层 Harry、洪先生给张杰的鼓舞和肯定，使张杰对今后的星路充满信心。\r\n\r\n在香港演出之际，香港歌迷连续两个晚上赶去看张杰演出、到他居住的酒店找他签名，还要为他制作歌迷网站。得知张杰要回上海，连夜赶制了围巾送给张杰。国内歌迷对张杰也非常热情，12/18，国内歌迷会为他在新天地举办了生日 Party，张杰感动着并行动着，他不会让喜欢他的歌迷失望。\r\n\r\n⊙周传雄、文正、许慧欣等音乐人力捧川师学子，推出其全新主打专辑《第一张》\r\n\r\n张杰的这张专辑由资深制作人陈耀川一手包办，周传雄、文正等音乐人量身为他定做新歌。除此之外，环球还让许慧欣在专辑中献声和张杰合唱情歌，誓要一举捧红张杰。\r\n\r\n专辑收录了多位知名音乐人为其度身定制的精彩作品，周传雄特意为师弟写了一首《最近的地方》，刘大江创作了《你是所有》，文正也献出了《幸福瞬间》。不仅如此，环球小天后许慧欣还在公司安排下与张杰合作演绎了一首《爱的奇迹》。专辑中的所有歌曲都旨在营造张杰纯真的邻家大男孩形象。\r\n\r\n还是四川师范大学大四学生的张杰看起来有些腼腆，但小小年纪已经在夺冠“莱卡我型我秀”并签约环球唱片后推出了首张专辑《第一张》。“公司说花百万打造我，实际上可能都不止这个数，我当然很高兴，但我想我还有很多事情要做要学。当初是爷爷鼓励我参加比赛的，我不能让家里人失望。”去年在“莱卡我型我秀”上夺冠后，张杰就忙于形体、歌唱、接待媒体等多方面的训练，新专辑也进行了制作和宣传，已经是大四学生的他说起自己的学业不好意思地挠了挠头：“以前花太多时间在唱歌上了，还好现在是大四，时间比较充裕，只是还要写论文，比较头疼呢。”\r\n\r\n⊙**的是声线，不是噱头\r\n\r\n和时下流行的网络歌手相比，张杰的专辑从制作到宣传都可谓是中规中矩，不搞些噱头不怕竞争不过其他新人吗？张杰对此信心十足：“我想我最满意的是自己的声线吧。”由于去年比赛时，张杰自己填词演唱的《北斗星的爱》大受张学友好评，所以曾力捧学友的资深制作人陈耀川欣然出任张杰专辑制作人。据说在香港录制专辑的这几个月，陈耀川对张杰的喜爱之情溢于言表，称他的嗓音非常具有特质，穿透力很强，辨识度也很高。不过张杰也很谦虚地说：“我觉得很多网络歌手的音乐也很不错，他们自己创作，自己放到网上，挺让人佩服的。”\r\n\r\n⊙陈耀川对张杰盛赞不已\r\n\r\n陈耀川曾为林忆莲、张信哲、刘德华、郭富城、梅艳芳等港台明星创作了大量佳作，而F4和陆毅在音乐上的蹿红也多亏了他的幕后推手，此次再为新人做制作人，他有话要说。在陈耀川看来，张杰的唱功虽然算不得完美，但在他的同龄人中已算优秀，最难能可贵的在于，张杰身上始终有一股学生般的书卷味。“张杰给人的感觉就是邻家男孩那一类的，他的嗓音非常具有特质，穿透力很强，辨识度也很高。最重要的在于在他之前的那些内地歌手，虽然实力都不错，但总会给人感觉像是作秀做出来的。”陈耀川认为目前内地乐坛中，拥有他这样气质的歌手几乎没有，而他的歌唱未来，可开发的类型也相当多。', 'images/special/T002R300x300M000001Hmnzi0CcPSV.jpg', 4, NULL, NULL);
INSERT INTO `special` VALUES (2, '女儿国', '由郑保瑞执导，郭富城、冯绍峰、赵丽颖、小沈阳、罗仲谦、梁咏琪、林志玲、刘涛、苑琼丹、潘斌龙等主演的魔幻爱情喜剧《西游记女儿国》将于2018年大年初一登陆全国院线。华语超实力唱将张靓颖联手唱作才子李荣浩倾情对唱的影片主题曲《女儿国》今日上线。由燃音乐发行的《女儿国》由金牌制作人赵英俊历时半年全程参与词曲改编创作，《女儿国》在歌词方面保留原作《女儿情》词作者杨洁导演温润婉约风格之余，融入仓央嘉措的唯美诗句。作曲也在延续许镜清老师的经典旋律，配合当下更为流行的音乐风格，使得国王对圣僧的思慕之情溢于言表。\r\n\r\n片方出于对原作的尊重，不惜重金购买词曲版权。李荣浩磁性的嗓音将唐僧的内心独白娓娓道来，张靓颖高亢纯粹的声线更是完美诠释出一个勇敢寻爱的女王形象。两人首次合作将如何传承前辈艺术家们的心血结晶，所碰撞出的音乐化学反应又将带来怎样的提炼升华，相信大家可以从歌曲中找到答案。', 'images/special/T002R300x300M000004Rs5Fb0Zn5OG.jpg', 3, NULL, NULL);

-- ----------------------------
-- Table structure for users
-- ----------------------------
DROP TABLE IF EXISTS `users`;
CREATE TABLE `users`  (
  `users_id` int(20) NOT NULL AUTO_INCREMENT COMMENT '用户编号',
  `users_account` varchar(20) CHARACTER SET utf8 COLLATE utf8_general_ci NOT NULL COMMENT '用户账号',
  `users_password` varchar(20) CHARACTER SET utf8 COLLATE utf8_general_ci NOT NULL COMMENT '用户密码',
  `users_name` varchar(20) CHARACTER SET utf8 COLLATE utf8_general_ci NOT NULL COMMENT '用户姓名',
  `users_sex` char(2) CHARACTER SET utf8 COLLATE utf8_general_ci NULL DEFAULT NULL COMMENT '用户性别',
  `users_avatar` varchar(200) CHARACTER SET utf8 COLLATE utf8_general_ci NULL DEFAULT NULL COMMENT '用户头像路径',
  `users_type` int(5) NULL DEFAULT 0 COMMENT '用户类型',
  `users_rsrv1` varchar(200) CHARACTER SET utf8 COLLATE utf8_general_ci NULL DEFAULT NULL COMMENT '备用字段',
  `users_rsrv2` varchar(200) CHARACTER SET utf8 COLLATE utf8_general_ci NULL DEFAULT NULL COMMENT '备用字段',
  PRIMARY KEY (`users_id`) USING BTREE,
  UNIQUE INDEX `users_account`(`users_account`) USING BTREE
) ENGINE = InnoDB AUTO_INCREMENT = 18 CHARACTER SET = utf8 COLLATE = utf8_general_ci ROW_FORMAT = Compact;

-- ----------------------------
-- Records of users
-- ----------------------------
INSERT INTO `users` VALUES (1, '1364599225', '123456', '小明', '男', NULL, 1, NULL, NULL);
INSERT INTO `users` VALUES (2, '452849107', '123456', '小王', '男', NULL, 0, NULL, NULL);
INSERT INTO `users` VALUES (16, '123123', '123456', '小刘', '男', 'images/users/F2DDXBB4G.png', 2, NULL, NULL);
INSERT INTO `users` VALUES (17, '15074918448', '123456', '小明', '男', 'images/users/F2DDXBB4G.png', 0, NULL, NULL);

-- ----------------------------
-- Table structure for vip
-- ----------------------------
DROP TABLE IF EXISTS `vip`;
CREATE TABLE `vip`  (
  `vip_id` int(20) NOT NULL AUTO_INCREMENT COMMENT '歌曲歌单关联表编号',
  `vip_createtime` date NOT NULL COMMENT 'vip开通时间',
  `vip_expirationtime` date NOT NULL COMMENT 'vip到期时间',
  `user_id` int(20) NOT NULL COMMENT '用户编号',
  `vip_rsrv1` varchar(200) CHARACTER SET utf8 COLLATE utf8_general_ci NULL DEFAULT NULL COMMENT '备用字段',
  `vip_rsrv2` varchar(200) CHARACTER SET utf8 COLLATE utf8_general_ci NULL DEFAULT NULL COMMENT '备用字段',
  PRIMARY KEY (`vip_id`) USING BTREE
) ENGINE = InnoDB AUTO_INCREMENT = 2 CHARACTER SET = utf8 COLLATE = utf8_general_ci ROW_FORMAT = Compact;

-- ----------------------------
-- Records of vip
-- ----------------------------
INSERT INTO `vip` VALUES (1, '2018-10-25', '2018-11-25', 1, NULL, NULL);

-- ----------------------------
-- Table structure for viprecords
-- ----------------------------
DROP TABLE IF EXISTS `viprecords`;
CREATE TABLE `viprecords`  (
  `viprecords_id` int(20) NOT NULL AUTO_INCREMENT COMMENT 'vip购买记录编号',
  `viprecords_createtime` date NOT NULL COMMENT 'vip开通时间',
  `viprecords_duration` varchar(20) CHARACTER SET utf8 COLLATE utf8_general_ci NOT NULL COMMENT 'vip到期时间',
  `user_id` int(20) NOT NULL COMMENT '用户编号',
  `viprecords_rsrv1` varchar(200) CHARACTER SET utf8 COLLATE utf8_general_ci NULL DEFAULT NULL COMMENT '备用字段',
  `viprecords_rsrv2` varchar(200) CHARACTER SET utf8 COLLATE utf8_general_ci NULL DEFAULT NULL COMMENT '备用字段',
  PRIMARY KEY (`viprecords_id`) USING BTREE
) ENGINE = InnoDB AUTO_INCREMENT = 1 CHARACTER SET = utf8 COLLATE = utf8_general_ci ROW_FORMAT = Compact;

SET FOREIGN_KEY_CHECKS = 1;
